brand,model,colour,original_price,discounted_price,ratings,rating_count,reviews,memory,storage,processor,rear_camera,front_camera,display_size,battery_capacity,battery_type
VIVO,VIVO T1 44W,Starry Sky,19990,14499,4.5,87331,6044,4,128,Qualcomm Snapdragon 680,50MP + 2MP + 2MP,16MP,16.36,5000,Lithium
APPLE,APPLE IPHONE 11,White,48900,47199,4.6,184191,10818,,128,A Bionic Chip,12MP + 12MP,12MP,15.49,,
VIVO,VIVO T1 44W,Midnight Galaxy,20990,15999,4.4,51365,3750,6,128,Qualcomm Snapdragon 680,50MP + 2MP + 2MP,16MP,16.36,5000,Lithium
XIAOMI,POCO M4 5G,Power Black,15999,11999,4.2,53448,4185,4,64,Mediatek Dimensity 700,50MP + 2MP,8MP,16.71,5000,Lithium Polymer
XIAOMI,REDMI 10,Caribbean Green,14999,9299,4.3,187787,12084,4,64,Qualcomm Snapdragon 680,50MP + 2MP,5MP,17.02,6000,Lithium Polymer
XIAOMI,POCO M4 5G,Cool Blue,15999,11999,4.2,53448,4185,4,64,Mediatek Dimensity 700,50MP + 2MP,8MP,16.71,5000,Lithium Polymer
XIAOMI,POCO C31,Shadow Gray,11999,7499,4.3,202727,11672,4,64,MediaTek Helio G35,13MP + 2MP + 2MP,5MP,16.59,5000,Lithium
XIAOMI,POCO M4 5G,Yellow,15999,11999,4.2,53448,4185,4,64,Mediatek Dimensity 700,50MP + 2MP,8MP,16.71,5000,Lithium Polymer
XIAOMI,REDMI 10,Midnight Black,14999,9299,4.3,187787,12084,4,64,Qualcomm Snapdragon 680,50MP + 2MP,5MP,17.02,6000,Lithium Polymer
VIVO,VIVO T1 44W,Midnight Galaxy,23990,17999,4.3,5798,483,8,128,Qualcomm Snapdragon 680,50MP + 2MP + 2MP,16MP,16.36,5000,Lithium
VIVO,VIVO T1 44W,Starry Sky,20990,15999,4.4,51365,3750,6,128,Qualcomm Snapdragon 680,50MP + 2MP + 2MP,16MP,16.36,5000,Lithium
INFINIX,INFINIX HOT 20 PLAY,Racing Black,11999,8199,4.4,8298,486,4,64,MediaTek G37,13Mp + AI Lens,8MP,17.32,6000,Lithium
INFINIX,INFINIX HOT 20 PLAY,Luna Blue,11999,8199,4.4,8298,486,4,64,MediaTek G37,13Mp + AI Lens,8MP,17.32,6000,Lithium
INFINIX,INFINIX HOT 20 PLAY,Fantasy Purple,11999,8199,4.4,8298,486,4,64,MediaTek G37,13Mp + AI Lens,8MP,17.32,6000,Lithium
XIAOMI,REDMI 9I SPORT,Carbon Black,9999,7499,4.3,236239,13755,4,64,MediaTek Helio G25,13MP,5MP,16.59,5000,Lithium Polymer
INFINIX,INFINIX HOT 20 PLAY,Aurora Green,11999,8199,4.4,8298,486,4,64,MediaTek G37,13Mp + AI Lens,8MP,17.32,6000,Lithium
XIAOMI,POCO C31,Shadow Gray,10999,6499,4.3,134382,8481,3,32,MediaTek Helio G35,13MP + 2MP + 2MP,5MP,16.59,5000,Lithium
XIAOMI,POCO C31,Royal Blue,11999,7499,4.3,202727,11672,4,64,MediaTek G35,13MP + 2MP + 2MP,5MP,16.59,5000,Lithium
APPLE,APPLE IPHONE 11,White,43900,40999,4.6,184191,10818,,64,A Bionic Chip,12MP + 12MP,12MP,15.49,,
MOTOROLA,MOTOROLA G52,Charcoal Grey,17999,10999,4.2,10106,1217,4,64,Qualcomm Snapdragon 680,50MP + 8MP + 2MP,16MP,16.76,5000,Lithium
MOTOROLA,MOTOROLA G62 5G,Midnight Gray,24999,16999,4.1,4375,442,8,128,Qualcomm Snapdragon 695 5G,50MP + 8MP + 2MP,16MP,16.64,5000,Lithium Polymer
REALME,REALME C30,Bamboo Green,9299,6749,4.1,38925,2527,3,32,Unisoc T612,8MP,5MP,16.51,5000,Lithium Ion
REALME,REALME C30,Lake Blue,8499,5749,4.3,83016,4466,2,32,Unisoc T612,8MP,5MP,16.51,5000,Lithium Ion
VIVO,VIVO T1 44W,Starry Sky,23990,17999,4.3,5798,483,8,128,Qualcomm Snapdragon 680,50MP + 2MP + 2MP,16MP,16.36,5000,Lithium
REALME,REALME C30,Lake Blue,9299,6749,4.1,38925,2527,3,32,Unisoc T612,8MP,5MP,16.51,5000,Lithium Ion
REALME,REALME C30,Denim Black,9299,6749,4.1,38925,2527,3,32,Unisoc T612,8MP,5MP,16.51,5000,Lithium Ion
XIAOMI,POCO M4 PRO,Cool Blue,17999,11999,4.3,150352,13531,6,64,Mediatek Helio G96,64MP + 8MP + 2MP,16MP,16.33,5000,Lithium
MOTOROLA,MOTOROLA G32,Mineral Gray,16999,10499,4.2,27486,2666,4,64,Qualcomm Snapdragon 680,50MP + 8MP + 2MP,16MP,16.64,5000,Lithium Polymer
SAMSUNG,SAMSUNG GALAXY F13,Waterfall Blue,14999,11099,4.4,122678,7131,4,64,Exynos 850,50MP + 5MP + 2MP,8MP,16.76,6000,Lithium Ion
MOTOROLA,MOTOROLA G52,Metallic White,19999,12999,4.2,27454,3250,6,128,Qualcomm Snapdragon 680,50MP + 8MP + 2MP,16MP,16.76,5000,Lithium
MOTOROLA,MOTOROLA G32,Satin Silver,16999,10499,4.2,27486,2666,4,64,Qualcomm Snapdragon 680,50MP + 8MP + 2MP,16MP,16.64,5000,Lithium Polymer
APPLE,APPLE IPHONE 14,Midnight,79900,71999,4.7,16010,686,,128,"A Bionic Chip,  Core",12MP + 12MP,12MP,15.49,,
XIAOMI,POCO M4 PRO,Cool Blue,19999,12999,4.3,150352,13531,6,128,Mediatek Helio G96,64MP + 8MP + 2MP,16MP,16.33,5000,Lithium
SAMSUNG,SAMSUNG GALAXY F13,Nightsky Green,16999,12099,4.4,122678,7131,4,128,Exynos 850,50MP + 5MP + 2MP,8MP,16.76,6000,Lithium Ion
XIAOMI,REDMI 10,Midnight Black,16999,11499,4.2,24991,1816,6,128,Qualcomm Snapdragon 680,50MP + 2MP,5MP,17.02,6000,Lithium Polymer
XIAOMI,POCO M4 PRO 5G,Cool Blue,19999,15499,4.2,47939,4182,6,128,Mediatek Dimensity 810,50MP + 8MP,16MP,16.76,5000,Lithium
MOTOROLA,MOTOROLA G31,Baby Blue,13999,9499,4.2,34024,3859,4,64,Mediatek Helio G85,50MP + 8MP + 2MP,13MP,16.26,5000,Lithium Polymer
APPLE,APPLE IPHONE 14,Starlight,79900,71999,4.7,16010,686,,128,"A Bionic Chip,  Core",12MP + 12MP,12MP,15.49,,
SAMSUNG,SAMSUNG GALAXY F23 5G,Aqua Blue,23999,15999,4.3,157763,12636,6,128,Qualcomm Snapdragon 750G,50MP + 8MP + 2MP,8MP,16.76,5000,Lithium Ion
SAMSUNG,SAMSUNG GALAXY F13,Nightsky Green,14999,11099,4.4,122678,7131,4,64,Exynos 850,50MP + 5MP + 2MP,8MP,16.76,6000,Lithium Ion
XIAOMI,POCO M4 5G,Power Black,18999,13999,4.2,26886,2123,6,128,Mediatek Dimensity 700,50MP + 2MP,8MP,16.71,5000,Lithium Polymer
XIAOMI,POCO C31,Royal Blue,10999,6499,4.3,134382,8481,3,32,MediaTek Helio G35,13MP + 2MP + 2MP,5MP,16.59,5000,Lithium
INFINIX,INFINIX NOTE 12I,Metaverse Blue,12999,9999,4.2,1003,125,4,64,Mediatek Helio G85,50 MP + 2 MP + QVGA,8MP,17.02,5000,Lithium
INFINIX,INFINIX NOTE 12I,Force Black,12999,9999,4.2,1003,125,4,64,Mediatek Helio G85,50 MP + 2 MP + QVGA,8MP,17.02,5000,Lithium
INFINIX,INFINIX HOT 12,7° Purple,12999,8499,4.3,18601,1333,4,64,Meditek Helio G37,50 MP + 2 MP Depth Lens + AI Lens,8MP,17.32,6000,Lithium
INFINIX,INFINIX HOT 12,Exploratory Blue,12999,8499,4.3,18601,1333,4,64,Meditek Helio G37,50 MP + 2 MP Depth Lens + AI Lens,8MP,17.32,6000,Lithium
XIAOMI,REDMI 10,Pacific Blue,14999,9299,4.3,187787,12084,4,64,Qualcomm Snapdragon 680,50MP + 2MP,5MP,17.02,6000,Lithium Polymer
APPLE,APPLE IPHONE 11,Black,43900,40999,4.6,184191,10818,,64,A Bionic Chip,12MP + 12MP,12MP,15.49,,
SAMSUNG,SAMSUNG GALAXY F23 5G,Forest Green,23999,15999,4.3,157763,12636,6,128,Qualcomm Snapdragon 750G,50MP + 8MP + 2MP,8MP,16.76,5000,Lithium Ion
SAMSUNG,SAMSUNG GALAXY F23 5G,Aqua Blue,22690,15999,4.3,157763,12636,6,128,,50MP,,16.76,5000,
MOTOROLA,MOTOROLA G62 5G,Frosted Blue,24999,16999,4.1,4375,442,8,128,Qualcomm Snapdragon 695 5G,50MP + 8MP + 2MP,16MP,16.64,5000,Lithium Polymer
MOTOROLA,MOTOROLA G31,Meteorite Grey,13999,9499,4.2,34024,3859,4,64,Mediatek Helio G85,50MP + 8MP + 2MP,13MP,16.26,5000,Lithium Polymer
INFINIX,INFINIX SMART 6 HD,Force Black,8999,5799,4.4,22440,1267,2,32,Mediatek Helio A22,8MP,5MP,16.76,5000,Lithium
INFINIX,INFINIX SMART 6 HD,Aqua Sky,8999,5799,4.4,22440,1267,2,32,Mediatek Helio A22,8MP,5MP,16.76,5000,Lithium
INFINIX,INFINIX SMART 6 HD,Origin Blue,8999,5799,4.4,22440,1267,2,32,Mediatek Helio A22,8MP,5MP,16.76,5000,Lithium
SAMSUNG,SAMSUNG GALAXY F13,Sunrise Copper,14999,11099,4.4,122678,7131,4,64,Exynos 850,50MP + 5MP + 2MP,8MP,16.76,6000,Lithium Ion
XIAOMI,POCO M4 5G,Cool Blue,18999,13999,4.2,26886,2123,6,128,Mediatek Dimensity 700,50MP + 2MP,8MP,16.71,5000,Lithium Polymer
APPLE,APPLE IPHONE 14,Purple,79900,71999,4.7,16010,686,,128,"A Bionic Chip,  Core",12MP + 12MP,12MP,15.49,,
SAMSUNG,SAMSUNG GALAXY F13,Waterfall Blue,16999,12099,4.4,122678,7131,4,128,Exynos 850,50MP + 5MP + 2MP,8MP,16.76,6000,Lithium Ion
MOTOROLA,MOTOROLA E40,Carbon Gray,10999,8999,4.2,70754,6695,4,64,UNISOC T700,48MP + 2MP + 2MP,8MP,16.51,5000,
INFINIX,INFINIX HOT 12,Polar Black,12999,8499,4.3,18601,1333,4,64,Meditek Helio G37,50 MP + 2 MP Depth Lens + AI Lens,8MP,17.32,6000,Lithium
INFINIX,INFINIX HOT 12,Turquoise Cyan,12999,8499,4.3,18601,1333,4,64,Meditek Helio G37,50 MP + 2 MP Depth Lens + AI Lens,8MP,17.32,6000,Lithium
XIAOMI,REDMI 9I SPORT,Coral Green,9999,7499,4.3,236239,13755,4,64,MediaTek Helio G25,13MP,5MP,16.59,5000,Lithium Polymer
SAMSUNG,SAMSUNG GALAXY F23 5G,Copper Blush,23999,15999,4.3,157763,12636,6,128,Qualcomm Snapdragon 750G,50MP + 8MP + 2MP,8MP,16.76,5000,Lithium Ion
MOTOROLA,MOTOROLA E13,Cosmic Black,10999,7999,4.2,1351,155,4,64,Unisoc T606,13MP,5MP,16.51,5000,
REALME,REALME C30 - LOCKED WITH AIRTEL PREPAID,Denim Black,8499,5299,4.3,83016,4466,2,32,Unisoc T612,8MP,5MP,16.51,5000,Lithium Ion
XIAOMI,POCO M4 PRO,Yellow,17999,11999,4.3,150352,13531,6,64,Mediatek Helio G96,64MP + 8MP + 2MP,16MP,16.33,5000,Lithium
MOTOROLA,MOTOROLA E13,Creamy White,10999,7999,4.2,1351,155,4,64,Unisoc T606,13MP,5MP,16.51,5000,
XIAOMI,POCO M4 PRO 5G,Power Black,21999,15999,4.2,12436,1014,8,128,Mediatek Dimensity 810,50MP + 8MP,16MP,16.76,5000,Lithium
XIAOMI,POCO M4 PRO 5G,Cool Blue,16999,12999,4.3,39955,3495,4,64,Mediatek Dimensity 810,50MP + 8MP,16MP,16.76,5000,Lithium
XIAOMI,POCO X4 PRO 5G,Laser Black,23999,16499,4.2,73220,7392,6,128,Qualcomm Snapdragon 695 5G,64MP + 8MP + 2MP,16MP,16.94,5000,Lithium
SAMSUNG,SAMSUNG GALAXY F04,Opal Green,11499,8999,4.5,2792,111,4,64,Mediatek Helio P35,13MP + 2MP,5MP,16.51,5000,Lithium Ion
XIAOMI,POCO X4 PRO 5G,Laser Blue,23999,16499,4.2,73220,7392,6,128,Qualcomm Snapdragon 695 5G,64MP + 8MP + 2MP,16MP,16.94,5000,Lithium
REALME,REALME C30,Bamboo Green,8499,5749,4.3,83016,4466,2,32,Unisoc T612,8MP,5MP,16.51,5000,Lithium Ion
REALME,REALME C30,Denim Black,8499,5749,4.3,83016,4466,2,32,Unisoc T612,8MP,5MP,16.51,5000,Lithium Ion
SAMSUNG,SAMSUNG GALAXY F04,Jade Purple,11499,8999,4.5,2792,111,4,64,Mediatek Helio P35,13MP + 2MP,5MP,16.51,5000,Lithium Ion
APPLE,APPLE IPHONE 14,Blue,79900,71999,4.7,16010,686,,128,"A Bionic Chip,  Core",12MP + 12MP,12MP,15.49,,
INFINIX,INFINIX NOTE 12I,Alpine White,12999,9999,4.2,1003,125,4,64,Mediatek Helio G85,50 MP + 2 MP + QVGA,8MP,17.02,5000,Lithium
OPPO,OPPO A17K,Gold,12999,9499,4.5,687,15,3,64,Mediatek Helio P35,8MP,5MP,16.66,5000,
REALME,REALME 10 PRO+ 5G,Dark Matter,27999,25999,4.5,5792,656,8,128,Mediatek Dimensity 1080 5G,108MP + 8MP + 2MP,16MP,17.02,5000,
XIAOMI,REDMI NOTE 10S,Frost White,16999,12999,4.4,84168,5715,6,64,Mediatek Helio G95,64MP + 8MP + 2MP + 2MP,13MP,16.33,5000,Lithium Polymer
XIAOMI,POCO X4 PRO 5G,Laser Blue,25999,17499,4.2,17160,1763,8,128,Qualcomm Snapdragon 695 5G,64MP + 8MP + 2MP,16MP,16.94,5000,Lithium
MOTOROLA,MOTOROLA G82 5G,Meterorite Grey,23999,19999,4.2,7048,909,6,128,Qualcomm Snapdragon 695 5G,50MP + 8MP + 2MP,16MP,16.76,5000,Lithium
XIAOMI,POCO C50,Country Green,9999,6999,4.3,1528,96,3,32,"Mediatek Helio A22, Upto 2.0 GHz",8MP Dual Camera,5MP,16.56,5000,Lithium Polymer
MOTOROLA,MOTOROLA G82 5G,White Lily,25999,21499,4.1,4238,535,8,128,Qualcomm Snapdragon 695 5G,50MP + 8MP + 2MP,16MP,16.76,5000,Lithium
VIVO,VIVO T1X,Gravity Black,17990,12999,4.5,78071,4429,4,128,Qualcomm Snapdragon 680,50MP + 2MP,8MP,16.71,5000,
VIVO,VIVO T1X,Space Blue,16990,11999,4.5,78071,4429,4,64,Qualcomm Snapdragon 680,50MP + 2MP,8MP,16.71,5000,
VIVO,VIVO T1X,Gravity Black,16990,11999,4.5,78071,4429,4,64,Qualcomm Snapdragon 680,50MP + 2MP,8MP,16.71,5000,
XIAOMI,REDMI 10A,Slate grey,11999,8585,4.2,6435,377,4,64,,13MP,,16.59,5000,
XIAOMI,REDMI NOTE 11 SE,Cosmic White,16999,11999,4.3,39454,2459,6,64,Mediatek Helio G95 Octa Core,64MP + 8MP + 2MP + 2MP,13MP,16.33,5000,Lithium Polymer
ONEPLUS,ONEPLUS NORD CE 2 LITE 5G,Blue Tide,19999,19985,4.3,47110,3685,6,128,,64MP,,16.74,5000,
REALME,REALME C33,Night Sea,11999,8999,4.4,19530,818,3,32,Unisoc T612,50MP + 0.3MP,5MP,16.51,5000,Lithium Ion
REALME,REALME C33,Sandy Gold,11999,8999,4.4,19530,818,3,32,Unisoc T612,50MP + 0.3MP,5MP,16.51,5000,Lithium Ion
REALME,REALME C33,Aqua Blue,11999,8999,4.4,19530,818,3,32,Unisoc T612,50MP + 0.3MP,5MP,16.51,5000,Lithium Ion
GOOGLE,GOOGLE PIXEL 6A,Chalk,43999,29999,4.3,29306,3682,6,128,Google Tensor,12.2MP + 12MP,8MP,15.6,4410,
MOTOROLA,MOTOROLA G31,Baby Blue,16999,11999,4.2,13407,1403,6,128,Mediatek Helio G85,50MP + 8MP + 2MP,13MP,16.26,5000,Lithium Polymer
REALME,REALME NARZO 50,Speed Blue,15999,11534,4.5,15538,993,4,64,Mediatek Helio G96,50MP + 2MP + 2MP,16MP,16.76,5000,Lithium Polymer
REALME,REALME NARZO 50,Speed Black,15999,11745,4.5,15538,993,4,64,Mediatek Helio G96,50MP + 2MP + 2MP,16MP,16.76,5000,Lithium Polymer
XIAOMI,POCO C50,Royal Blue,9999,6999,4.3,1528,96,3,32,"Mediatek Helio A22, Upto 2.0 GHz",8MP Dual Camera,5MP,16.56,5000,Lithium Polymer
OPPO,OPPO F19 PRO+ 5G,Fluid Black,29990,17990,4.4,28057,2899,8,128,MediaTek Dimensity 800U,48MP + 8MP + 2MP + 2MP,16MP,16.33,4310,Lithium
XIAOMI,POCO M4 PRO 5G,Yellow,16999,12999,4.3,39955,3495,4,64,Mediatek Dimensity 810,50MP + 8MP,16MP,16.76,5000,Lithium
OPPO,OPPO K10 5G,Midnight Black,25999,16999,4.4,61218,4533,8,128,Mediatek Dimensity 810,48MP + 2MP,8MP,16.66,5000,Lithium Polymer
VIVO,VIVO T1X,Space Blue,17990,12999,4.5,78071,4429,4,128,Qualcomm Snapdragon 680,50MP + 2MP,8MP,16.71,5000,
MOTOROLA,MOTOROLA G22,Cosmic Black,13999,9499,3.8,29477,3466,4,64,Mediatek Helio G37,50MP + 8MP + 2MP + 2MP,16MP,16.51,5000,Lithium Ion
INFINIX,INFINIX HOT 20 5G,Blaster Green,19999,13499,4.2,850,76,6,128,Dimensity 810,50MP + AI Lens,8MP,16.76,5000,Lithium
VIVO,VIVO T1X,Space Blue,18990,14999,4.4,4011,250,6,128,Qualcomm Snapdragon 680,50MP + 2MP,8MP,16.71,5000,
REALME,REALME 10 PRO 5G,Nebula Blue,22999,19999,4.4,5932,471,8,128,Qualcomm Snapdragon 695 5G,108MP + 2MP,16MP,17.07,5000,
REALME,REALME 10 PRO 5G,Hyperspace,20999,18999,4.4,9577,801,6,128,Qualcomm Snapdragon 695 5G,108MP + 2MP,16MP,17.07,5000,
REALME,REALME 10 PRO 5G,Dark Matter,20999,18999,4.4,9577,801,6,128,Qualcomm Snapdragon 695 5G,108MP + 2MP,16MP,17.07,5000,
REALME,REALME 10 PRO 5G,Nebula Blue,20999,18999,4.4,9577,801,6,128,Qualcomm Snapdragon 695 5G,108MP + 2MP,16MP,17.07,5000,
MOTOROLA,MOTOROLA E13,Aurora Green,10999,7999,4.2,1351,155,4,64,Unisoc T606,13MP,5MP,16.51,5000,
ONEPLUS,ONEPLUS NORD CE 2 LITE 5G,Black Dusk,19999,19922,4.3,47110,3685,6,128,,64MP,,16.74,5000,
APPLE,APPLE IPHONE 11,Black,48900,47999,4.6,184191,10818,,128,A Bionic Chip,12MP + 12MP,12MP,15.49,,
XIAOMI,REDMI 10A,Charcoal Black,10499,7673,4.1,1841,128,3,32,,13MP,,16.59,5000,
APPLE,APPLE IPHONE 12,Black,64900,56999,4.6,186979,12739,,128,A Bionic Chip with Next Generation Neural Engine,12MP + 12MP,12MP,15.49,,
REALME,REALME C35,Glowing Black,13999,11999,4.4,169098,9781,4,64,Unisoc Tiger T616,50MP + 2MP + 0.3MP,8MP,16.76,5000,Lithium Polymer
REALME,REALME C30S,Stripe Blue,9999,6999,4.5,4730,167,2,32,Unisoc SC9863A/ Unisoc SC9863A1,8MP,5MP,16.51,5000,Lithium Ion
MOTOROLA,MOTOROLA G82 5G,Meterorite Grey,25999,20499,4.1,4238,535,8,128,Qualcomm Snapdragon 695 5G,50MP + 8MP + 2MP,16MP,16.76,5000,Lithium
REALME,REALME C33,Aqua Blue,12999,9999,4.4,59027,2566,4,64,Unisoc T612,50MP + 0.3MP,5MP,16.51,5000,Lithium Ion
XIAOMI,REDMI 10 PRIME,Astral White,16999,12999,4.2,12411,863,6,128,Helio G88,50MP + 8MP + 2MP + 2MP,8MP,16.51,6000,
REALME,REALME C33,Night Sea,12999,9999,4.4,59027,2566,4,64,Unisoc T612,50MP + 0.3MP,5MP,16.51,5000,Lithium Ion
REALME,REALME C33,Sandy Gold,12999,9999,4.4,59027,2566,4,64,Unisoc T612,50MP + 0.3MP,5MP,16.51,5000,Lithium Ion
XIAOMI,REDMI 9I,Midnight Black,9999,7499,4.3,577272,33908,4,64,MediaTek Helio G25,13MP,5MP,16.59,5000,Lithium Polymer
XIAOMI,POCO M4 PRO,Power Black,21999,14999,4.3,14132,1226,8,128,Mediatek Helio G96,64MP + 8MP + 2MP,16MP,16.33,5000,Lithium
MOTOROLA,MOTOROLA G22,Iceberg Blue,13999,9699,3.8,29477,3466,4,64,Mediatek Helio G37,50MP + 8MP + 2MP + 2MP,16MP,16.51,5000,Lithium Ion
VIVO,VIVO T1X,Gravity Black,18990,14999,4.4,4011,250,6,128,Qualcomm Snapdragon 680,50MP + 2MP,8MP,16.71,5000,
XIAOMI,REDMI NOTE 12 PRO 5G,Stardust Purple,27999,24999,4.3,9137,1023,6,128,Mediatek Dimensity 1080,50MP (OIS) + 8MP + 2MP,16MP,16.94,5000,Lithium Polymer
REALME,REALME C35,Glowing Green,13999,11999,4.4,169098,9781,4,64,Unisoc Tiger T616,50MP + 2MP + 0.3MP,8MP,16.76,5000,Lithium Polymer
MOTOROLA,MOTOROLA G42,Metallic Rose,16999,10999,4.2,5670,630,4,64,Qualcomm Snapdragon 680,50MP + 8MP + 2MP,16MP,16.43,5000,Lithium Polymer
XIAOMI,POCO M4 PRO 5G,Yellow,19999,16999,4.2,47939,4182,6,128,Mediatek Dimensity 810,50MP + 8MP,16MP,16.76,5000,Lithium
XIAOMI,POCO C50,Country Green,8999,6249,4.4,2416,120,2,32,"Mediatek Helio A22, Upto 2.0 GHz",8MP Dual Camera,5MP,16.56,5000,Lithium Polymer
XIAOMI,POCO C50,Royal Blue,8999,6249,4.4,2416,120,2,32,"Mediatek Helio A22, Upto 2.0 GHz",8MP Dual Camera,5MP,16.56,5000,Lithium Polymer
XIAOMI,REDMI 9 ACTIV,Coral Green,12999,10499,4.2,5042,335,6,128,Mediatek Helio G35,13MP + 2MP,5MP,16.59,5000,Lithium Polymer
MOTOROLA,MOTOROLA E32,Arctic Blue,11999,8999,4,897,82,4,64,Mediatek Helio G37,50MP + 2MP,8MP,16.51,5000,
SAMSUNG,SAMSUNG GALAXY M13,Aqua Green,14999,11044,4.2,2494,164,4,64,,50MP,,16.76,6000,
XIAOMI,REDMI NOTE 11,Starburst White,18999,12680,4.3,774,63,6,64,,50MP,,16.33,5000,
XIAOMI,REDMI NOTE 11,Space Black,17999,11989,4.2,396,34,4,64,,50MP,,16.33,5000,
GOOGLE,GOOGLE PIXEL 6A,Charcoal,43999,29999,4.3,29306,3682,6,128,Google Tensor,12.2MP + 12MP,8MP,15.6,4410,
OPPO,OPPO F21 PRO,Sunset Orange,27999,20999,4.4,2568,188,8,128,,64MP,,16.33,4500,
INFINIX,INFINIX HOT 12 PRO,Lightsaber Green,13999,8999,4.2,7129,431,6,64,Unisoc T616,50 MP + Depth Lens,8MP,16.76,5000,Lithium
SAMSUNG,SAMSUNG GALAXY F23 5G,Aqua Blue,22999,14999,4.2,36500,2893,4,128,Qualcomm Snapdragon 750G,50MP + 8MP + 2MP,8MP,16.76,5000,Lithium Ion
APPLE,APPLE IPHONE 13,Pink,69900,61999,4.7,190651,10468,,128,A Bionic Chip,12MP + 12MP,12MP,15.49,,
INFINIX,INFINIX HOT 12 PRO,Electric Blue,13999,8999,4.2,7129,431,6,64,Unisoc T616,50 MP + Depth Lens,8MP,16.76,5000,Lithium
APPLE,APPLE IPHONE 13,Blue,69900,61999,4.7,190651,10468,,128,A Bionic Chip,12MP + 12MP,12MP,15.49,,
REALME,REALME NARZO 50,Speed Black,17999,15499,4.4,7639,564,6,128,Mediatek Helio G96,50MP + 2MP + 2MP,16MP,16.76,5000,Lithium Polymer
REALME,REALME 9I 5G,Rocking Black,17999,14999,4.5,40920,1930,4,64,Mediatek Dimensity 810 5G,50MP + 2MP + 2MP,8MP,16.76,5000,Lithium Ion
REALME,REALME NARZO 50,Speed Blue,17999,15499,4.4,7639,564,6,128,Mediatek Helio G96,50MP + 2MP + 2MP,16MP,16.76,5000,Lithium Polymer
INFINIX,INFINIX NOTE 12 5G,Force Black,19999,13099,4.2,14950,1646,6,64,Mediatek Dimensity 810 5G,50 MP + 2 MP Depth Lens + AI Lens,16MP,17.02,5000,Lithium
INFINIX,INFINIX NOTE 12 5G,Snowfall,19999,13099,4.2,14950,1646,6,64,Mediatek Dimensity 810 5G,50 MP + 2 MP Depth Lens + AI Lens,16MP,17.02,5000,Lithium
OPPO,OPPO K10 5G,Ocean Blue,25999,16999,4.4,61218,4533,8,128,Mediatek Dimensity 810,48MP + 2MP,8MP,16.66,5000,Lithium Polymer
XIAOMI,REDMI 9I SPORT,Metallic Blue,9999,7499,4.3,236239,13755,4,64,MediaTek Helio G25,13MP,5MP,16.59,5000,Lithium Polymer
ONEPLUS,ONEPLUS NORD CE 2 LITE 5G,Blue Tide,19999,19975,4.3,47110,3685,6,128,,64MP,,16.74,5000,
OPPO,OPPO F19 PRO+ 5G,Space Silver,29990,17990,4.4,28057,2899,8,128,MediaTek Dimensity 800U,48MP + 8MP + 2MP + 2MP,16MP,16.33,4310,Lithium
SAMSUNG,SAMSUNG GALAXY A03 CORE,Mint,10499,6600,4,2729,237,2,32,,8MP,,16.51,5000,
OPPO,OPPO A17,Midnight Black,14999,12499,4.4,1727,70,4,64,Mediatek Helio G35,50MP + 0.3MP + 0.3MP,5MP,16.66,5000,Lithium
REALME,REALME C35,Glowing Green,14999,12999,4.4,169098,9781,4,128,Unisoc Tiger T616,50MP + 2MP + 0.3MP,8MP,16.76,5000,Lithium Polymer
REALME,REALME C35,Glowing Black,14999,12999,4.4,169098,9781,4,128,Unisoc Tiger T616,50MP + 2MP + 0.3MP,8MP,16.76,5000,Lithium Polymer
REALME,REALME C35,Glowing Black,15999,13999,4.2,14815,936,6,128,Unisoc Tiger T616,50MP + 2MP + 0.3MP,8MP,16.76,5000,Lithium Polymer
VIVO,VIVO T1 5G,Starlight Black,19990,15990,4.3,63968,5079,4,128,Qualcomm Snapdragon 695,50MP + 2MP + 2MP,16MP,16.71,5000,Lithium
XIAOMI,REDMI 10,Caribbean Green,16999,11499,4.2,24991,1816,6,128,Qualcomm Snapdragon 680,50MP + 2MP,5MP,17.02,6000,Lithium Polymer
INFINIX,INFINIX HOT 20 5G,Space Blue,19999,13499,4.2,850,76,6,128,Dimensity 810,50MP + AI Lens,8MP,16.76,5000,Lithium
APPLE,APPLE IPHONE 13,Starlight,69900,61999,4.7,190651,10468,,128,A Bionic Chip,12MP + 12MP,12MP,15.49,,
REALME,REALME C30S,Stripe Black,9999,6999,4.5,4730,167,2,32,Unisoc SC9863A/ Unisoc SC9863A1,8MP,5MP,16.51,5000,Lithium Ion
XIAOMI,POCO M4 PRO,Yellow,19999,12999,4.3,150352,13531,6,128,Mediatek Helio G96,64MP + 8MP + 2MP,16MP,16.33,5000,Lithium
REALME,REALME 9I 5G,Metallica Gold,17999,14999,4.5,40920,1930,4,64,Mediatek Dimensity 810 5G,50MP + 2MP + 2MP,8MP,16.76,5000,Lithium Ion
MOTOROLA,MOTOROLA G62 5G,Frosted Blue,21999,15999,4.2,18256,1818,6,128,Qualcomm Snapdragon 695 5G,50MP + 8MP + 2MP,16MP,16.64,5000,Lithium Polymer
REALME,REALME 10,Clash White,15999,13999,4.4,3424,245,4,64,Mediatek Helio G99 Octa Core,50MP + 2MP,16MP,16.26,5000,
REALME,REALME 10,Rush Black,15999,13999,4.4,3424,245,4,64,Mediatek Helio G99 Octa Core,50MP + 2MP,16MP,16.26,5000,
REALME,REALME 10,Rush Black,19999,16999,4.3,803,57,8,128,Mediatek Helio G99 Octa Core,50MP + 2MP,16MP,16.26,5000,
XIAOMI,REDMI A1,Light Green,8999,6275,4.3,4176,218,2,32,,5MP,,16.56,5000,
MOTOROLA,MOTOROLA G72,Polar Blue,21999,16999,4.1,10081,1427,6,128,Mediatek Helio G99,108MP + 8MP + 2MP,16MP,16.64,5000,Lithium
XIAOMI,POCO X5 PRO 5G,Yellow,28999,24999,4.4,983,109,8,256,Qualcomm Snapdragon 778G,108MP + 8MP + 2MP,16MP,16.94,5000,
REALME,REALME 10 PRO+ 5G,Dark Matter,25999,24999,4.5,11341,1146,6,128,Mediatek Dimensity 1080 5G,108MP + 8MP + 2MP,16MP,17.02,5000,
SAMSUNG,SAMSUNG GALAXY F23 5G,Copper Blush,22999,14999,4.2,36500,2893,4,128,Qualcomm Snapdragon 750G,50MP + 8MP + 2MP,8MP,16.76,5000,Lithium Ion
MOTOROLA,MOTOROLA G82 5G,White Lily,23999,19999,4.2,7048,909,6,128,Qualcomm Snapdragon 695 5G,50MP + 8MP + 2MP,16MP,16.76,5000,Lithium
XIAOMI,POCO X5 PRO 5G,Horizon Blue,28999,24999,4.4,983,109,8,256,Qualcomm Snapdragon 778G,108MP + 8MP + 2MP,16MP,16.94,5000,
XIAOMI,REDMI A1,Black,8999,6489,4.3,4176,218,2,32,,5MP,,16.56,5000,
REALME,REALME C31,Light Silver,10999,9299,4.5,46544,1841,3,32,Unisoc T612,13MP + 2MP + 0.3MP,5MP,16.56,5000,
REALME,REALME C31,Dark Green,10999,9299,4.5,46544,1841,3,32,Unisoc T612,13MP + 2MP + 0.3MP,5MP,16.56,5000,
XIAOMI,POCO M4 PRO 5G,Cool Blue,21999,18999,4.2,12436,1014,8,128,Mediatek Dimensity 810,50MP + 8MP,16MP,16.76,5000,Lithium
OPPO,OPPO A17,Sunlight Orange,14999,12499,4.4,1727,70,4,64,Mediatek Helio G35,50MP + 0.3MP + 0.3MP,5MP,16.66,5000,Lithium
XIAOMI,REDMI 9 ACTIV,Carbon Black,12999,10499,4.2,5042,335,6,128,Mediatek Helio G35,13MP + 2MP,5MP,16.59,5000,Lithium Polymer
XIAOMI,POCO X5 PRO 5G,Astral Black,28999,24999,4.4,983,109,8,256,Qualcomm Snapdragon 778G,108MP + 8MP + 2MP,16MP,16.94,5000,
OPPO,OPPO RENO8T 5G,Midnight Black,38999,29999,4.3,1761,196,8,128,Qualcomm Snapdragon 695,108MP + 2MP + 2MP,32MP,17.02,4800,Lithium
OPPO,OPPO F19,Midnight Blue,20990,14990,4.3,25035,1801,6,128,Qualcomm Snapdragon 662,48MP + 2MP + 2MP,16MP,16.33,5000,
XIAOMI,POCO X4 PRO 5G,Yellow,25999,17499,4.2,17160,1763,8,128,Qualcomm Snapdragon 695 5G,64MP + 8MP + 2MP,16MP,16.94,5000,Lithium
XIAOMI,REDMI NOTE 11,Horizon Blue,19999,14495,4.3,774,63,6,128,,50MP,,16.33,5000,
VIVO,VIVO Y16,Steller Black,15999,12380,4.4,1084,68,4,64,Mediatek Helio P35,13MP + 2MP,5MP,16.54,5000,Lithium
REALME,REALME 9I 5G,Soulful Blue,17999,14999,4.5,40920,1930,4,64,Mediatek Dimensity 810 5G,50MP + 2MP + 2MP,8MP,16.76,5000,Lithium Ion
SAMSUNG,SAMSUNG GALAXY M33 5G,Mystique Green,24999,16771,4.2,7862,640,6,128,,50MP,,16.74,6000,
SAMSUNG,SAMSUNG GALAXY F13,Sunrise Copper,16999,12099,4.4,122678,7131,4,128,Exynos 850,50MP + 5MP + 2MP,8MP,16.76,6000,Lithium Ion
INFINIX,INFINIX HOT 12 PRO,Halo White,15999,11999,4,4590,403,8,128,Unisoc T616,50 MP + Depth Lens,8MP,16.76,5000,Lithium
SAMSUNG,SAMSUNG GALAXY A14 5G,Light Green,18499,16499,4.2,89,3,4,64,SEC S5E8535 (Exynos 1330),50MP + 2MP,13MP,16.76,5000,Lithium Ion
XIAOMI,REDMI 10A,Sea Blue,11999,8751,4.2,6435,377,4,64,,13MP,,16.59,5000,
XIAOMI,REDMI 10A,Sea Blue,10999,7999,4.1,1841,128,3,32,,13MP,,16.59,5000,
XIAOMI,POCO X5 PRO 5G,Horizon Blue,25999,22999,4.4,924,119,6,128,Qualcomm Snapdragon 778G,108MP + 8MP + 2MP,16MP,16.94,5000,
MOTOROLA,MOTOROLA G62 5G,Midnight Gray,21999,15999,4.2,18256,1818,6,128,Qualcomm Snapdragon 695 5G,50MP + 8MP + 2MP,16MP,16.64,5000,Lithium Polymer
SAMSUNG,SAMSUNG GALAXY F23 5G,Forest Green,23999,15990,4.3,157763,12636,6,128,,50MP,,16.76,5000,
MOTOROLA,MOTOROLA G42,Atlantic Green,16999,10999,4.2,5670,630,4,64,Qualcomm Snapdragon 680,50MP + 8MP + 2MP,16MP,16.43,5000,Lithium Polymer
XIAOMI,POCO M4 PRO 5G,Yellow,21999,18999,4.2,12436,1014,8,128,Mediatek Dimensity 810,50MP + 8MP,16MP,16.76,5000,Lithium
REALME,REALME C31,Light Silver,11999,9999,4.4,61796,2928,4,64,Unisoc T612,13MP + 2MP + 0.3MP,5MP,16.56,5000,
REALME,REALME C31,Dark Green,11999,9999,4.4,61796,2928,4,64,Unisoc T612,13MP + 2MP + 0.3MP,5MP,16.56,5000,
VIVO,VIVO Y01,Sapphire Blue,12999,7999,4.2,1275,81,2,32,Mediatek Helio P35,8MP,5MP,16.54,5000,Lithium
VIVO,VIVO Y21,Diamond Glow,17990,12630,4.3,14580,1090,4,64,Mediatek Helio P35,13MP + 2MP,8MP,16.54,5000,Lithium
SAMSUNG,SAMSUNG GALAXY F23 5G,Forest Green,22999,14999,4.2,36500,2893,4,128,Qualcomm Snapdragon 750G,50MP + 8MP + 2MP,8MP,16.76,5000,Lithium Ion
XIAOMI,POCO X4 PRO 5G,Yellow,23999,16499,4.2,73220,7392,6,128,Qualcomm Snapdragon 695 5G,64MP + 8MP + 2MP,16MP,16.94,5000,Lithium
XIAOMI,REDMI 10 PRIME,Phantom Black,16999,12999,4.2,12411,863,6,128,Helio G88,50MP + 8MP + 2MP + 2MP,8MP,16.51,6000,
INFINIX,INFINIX HOT 20 5G,Racing Black,19999,13499,4.2,850,76,6,128,Dimensity 810,50MP + AI Lens,8MP,16.76,5000,Lithium
VIVO,VIVO Y02,Cosmic Grey,12999,8999,4.3,200,9,3,32,MediaTek P22,8MP,5MP,16.54,5000,
XIAOMI,POCO M4 5G,Yellow,18999,13999,4.2,26886,2123,6,128,Mediatek Dimensity 700,50MP + 2MP,8MP,16.71,5000,Lithium Polymer
VIVO,VIVO Y16,Drizzling Gold,12999,9999,4.3,1418,86,3,32,Mediatek Helio P35,13MP + 2MP,5MP,16.54,5000,Lithium
REALME,REALME C35,Glowing Green,15999,13999,4.2,14815,936,6,128,Unisoc Tiger T616,50MP + 2MP + 0.3MP,8MP,16.76,5000,Lithium Polymer
XIAOMI,REDMI NOTE 12 PRO 5G,Onyx Black,31999,27999,4.3,3694,395,8,256,Mediatek Dimensity 1080,50MP (OIS) + 8MP + 2MP,16MP,16.94,5000,Lithium Polymer
VIVO,VIVO T1 5G,Rainbow Fantasy,23990,19990,4.3,16249,1401,8,128,Qualcomm Snapdragon 695,50MP + 2MP + 2MP,16MP,16.71,5000,Lithium
VIVO,VIVO T1 5G,Starlight Black,23990,19990,4.3,16249,1401,8,128,Qualcomm Snapdragon 695,50MP + 2MP + 2MP,16MP,16.71,5000,Lithium
XIAOMI,REDMI NOTE 12 PRO 5G,Stardust Purple,31999,27999,4.3,3694,395,8,256,Mediatek Dimensity 1080,50MP (OIS) + 8MP + 2MP,16MP,16.94,5000,Lithium Polymer
INFINIX,INFINIX NOTE 12 PRO 5G,Force Black,24999,16999,4.1,19595,2444,8,128,Mediatek Dimensity 810 5G,108MP + 2MP (Depth) + 2MP (Macro),16MP,17.02,5000,Lithium
MOTOROLA,MOTOROLA EDGE 30,Aurora Green,30999,22999,4.1,8266,1114,6,128,Qualcomm Snapdragon 778G Plus,50MP + 50MP + 2MP,32MP,16.64,4020,Lithium
NOTHING,NOTHING PHONE,,42999,35999,4.3,6616,753,,,Qualcomm Snapdragon 778G+,50MP + 50MP,16MP,16.64,4500,Lithium Ion
INFINIX,INFINIX NOTE 12 PRO 5G,Snowfall,24999,16999,4.1,19595,2444,8,128,Mediatek Dimensity 810 5G,108MP + 2MP (Depth) + 2MP (Macro),16MP,17.02,5000,Lithium
XIAOMI,POCO X4 PRO 5G,Laser Blue,22999,15499,4.2,73220,7392,6,64,Qualcomm Snapdragon 695 5G,64MP + 8MP + 2MP,16MP,16.94,5000,Lithium
XIAOMI,REDMI NOTE 12 PRO 5G,Glacier Blue,27999,24999,4.3,9137,1023,6,128,Mediatek Dimensity 1080,50MP (OIS) + 8MP + 2MP,16MP,16.94,5000,Lithium Polymer
INFINIX,INFINIX SMART 6,Light Sea Green,8999,6999,4.3,30140,2071,2,64,Mediatek Helio A22,8 MP + Depth Lens,5MP,16.76,5000,Lithium
SAMSUNG,SAMSUNG GALAXY M13 5G,Aqua Green,14999,12639,4,279,15,4,64,,50MP,,16.51,5000,
OPPO,OPPO K10,Blue Flame,18999,13990,4.4,103802,7606,6,128,Qualcomm Snapdragon 680,50MP + 2MP + 2MP,16MP,16.74,5000,Lithium Ion
VIVO,VIVO T1 PRO 5G,Turbo Black,28990,23999,4.4,7982,764,6,128,Qualcomm Snapdragon 778G 5G Mobile Platform,64MP + 8MP + 2MP,16MP,16.36,4700,Lithium
REALME,REALME C11 2021,Cool Blue,7999,7499,4.4,234364,10135,2,32,Octa-core,8MP,5MP,16.51,5000,
REALME,REALME C11 2021,Cool Grey,7999,7499,4.4,234364,10135,2,32,Octa-core,8MP,5MP,16.51,5000,
INFINIX,INFINIX HOT 12 PRO,Racing Black,13999,8999,4.2,7129,431,6,64,Unisoc T616,50 MP + Depth Lens,8MP,16.76,5000,Lithium
MOTOROLA,MOTOROLA EDGE 20 5G,Frosted Pearl,34999,20999,4.1,8964,1303,8,128,Qualcomm Snapdragon 778G,108MP + 8MP + 16MP,32MP,17.02,4000,
MOTOROLA,MOTOROLA E32,Eco Black,11999,8999,4,897,82,4,64,Mediatek Helio G37,50MP + 2MP,8MP,16.51,5000,
INFINIX,INFINIX HOT 12 PRO,Halo White,13999,8999,4.2,7129,431,6,64,Unisoc T616,50 MP + Depth Lens,8MP,16.76,5000,Lithium
INFINIX,INFINIX HOT 12 PRO,Electric Blue,15999,11999,4,4590,403,8,128,Unisoc T616,50 MP + Depth Lens,8MP,16.76,5000,Lithium
VIVO,VIVO Y35,Dawn Gold,22999,18499,4.4,1670,119,8,128,Qualcomm Snapdragon 680,50MP + 2MP + 2MP,16MP,16.71,5000,Lithium
REALME,REALME 10 PRO+ 5G,Hyperspace,25999,24999,4.5,11341,1146,6,128,Mediatek Dimensity 1080 5G,108MP + 8MP + 2MP,16MP,17.02,5000,
REALME,REALME 10 PRO+ 5G,Nebula Blue,25999,24999,4.5,11341,1146,6,128,Mediatek Dimensity 1080 5G,108MP + 8MP + 2MP,16MP,17.02,5000,
REALME,REALME 10 PRO+ 5G,Hyperspace,27999,25999,4.5,5792,656,8,128,Mediatek Dimensity 1080 5G,108MP + 8MP + 2MP,16MP,17.02,5000,
SAMSUNG,SAMSUNG GALAXY S21 FE 5G,Lavender,74999,34999,4.4,36083,3525,8,128,,12MP + 12MP + 8MP (OIS),32MP,16.26,4500,Lithium Ion
APPLE,APPLE IPHONE 14,,79900,71999,4.7,16010,686,,,"A Bionic Chip,  Core",12MP + 12MP,12MP,15.49,,
INFINIX,INFINIX ZERO 5G 2023,Coral Orange,24999,17999,4.2,65,8,8,128,Mediatek Dimensity 920,50MP + 2MP + 2MP,16MP,17.22,5000,Lithium
I KALL,I KALL Z19PRO,Blue,10499,8299,3.4,189,13,4,64,Octa Core,13MP,8MP,16.51,5000,
XIAOMI,REDMI NOTE 12 PRO 5G,Onyx Black,27999,24999,4.3,9137,1023,6,128,Mediatek Dimensity 1080,50MP (OIS) + 8MP + 2MP,16MP,16.94,5000,Lithium Polymer
INFINIX,INFINIX ZERO 5G 2023,Submariner Black,24999,17999,4.2,65,8,8,128,Mediatek Dimensity 920,50MP + 2MP + 2MP,16MP,17.22,5000,Lithium
REALME,REALME C30 - LOCKED WITH AIRTEL PREPAID,Bamboo Green,9299,6299,4.1,38925,2527,3,32,Unisoc T612,8MP,5MP,16.51,5000,Lithium Ion
XIAOMI,REDMI NOTE 12 PRO 5G,Glacier Blue,31999,27999,4.3,3694,395,8,256,Mediatek Dimensity 1080,50MP (OIS) + 8MP + 2MP,16MP,16.94,5000,Lithium Polymer
APPLE,APPLE IPHONE 14 PLUS,Midnight,89900,80999,4.7,4110,294,,128,"A Bionic Chip,  Core",12MP + 12MP,12MP,17.02,,
SAMSUNG,SAMSUNG GALAXY A14 5G,Dark Red,18499,16499,4.2,89,3,4,64,SEC S5E8535 (Exynos 1330),50MP + 2MP,13MP,16.76,5000,Lithium Ion
APPLE,APPLE IPHONE 14 PLUS,Purple,89900,80999,4.7,4110,294,,128,"A Bionic Chip,  Core",12MP + 12MP,12MP,17.02,,
OPPO,OPPO RENO8T 5G,Sunrise Gold,38999,29999,4.3,1761,196,8,128,Qualcomm Snapdragon 695,108MP + 2MP + 2MP,32MP,17.02,4800,Lithium
MOTOROLA,MOTOROLA EDGE 30,Meteor Grey,34999,24999,4.1,4457,640,8,128,Qualcomm Snapdragon 778G Plus,50MP + 50MP + 2MP,32MP,16.64,4020,Lithium
MOTOROLA,MOTOROLA E13,Creamy White,9999,6999,4.2,214,23,2,64,Unisoc T606,13MP,5MP,16.51,5000,
APPLE,APPLE IPHONE 14 PLUS,Starlight,89900,80999,4.7,4110,294,,128,"A Bionic Chip,  Core",12MP + 12MP,12MP,17.02,,
INFINIX,INFINIX HOT 20 5G,Blaster Green,17999,11499,4.3,3241,271,4,64,Dimensity 810,50MP + AI Lens,8MP,16.76,5000,Lithium
XIAOMI,REDMI 10A,Slate Grey,10999,7478,4.1,1841,128,3,32,,13MP,,16.59,5000,
VIVO,VIVO Y15S,Wave Green,13990,9499,4.3,3742,274,3,32,Mediatek Helio P35,13MP + 2MP,8MP,16.54,5000,Lithium
VIVO,VIVO Y16,Steller Black,13999,10999,4.3,1418,86,3,64,Mediatek Helio P35,13MP + 2MP,5MP,16.54,5000,Lithium
VIVO,VIVO Y16,Drizzling Gold,15999,12499,4.4,1084,68,4,64,Mediatek Helio P35,13MP + 2MP,5MP,16.54,5000,Lithium
APPLE,APPLE IPHONE 14,Purple,89900,81999,4.7,16010,686,,256,"A Bionic Chip,  Core",12MP + 12MP,12MP,15.49,,
INFINIX,INFINIX SMART 6,Polar Black,8999,6999,4.3,30140,2071,2,64,Mediatek Helio A22,8 MP + Depth Lens,5MP,16.76,5000,Lithium
INFINIX,INFINIX SMART 6,Heart Of Ocean,8999,6999,4.3,30140,2071,2,64,Mediatek Helio A22,8 MP + Depth Lens,5MP,16.76,5000,Lithium
INFINIX,INFINIX SMART 6,Starry Purple,8999,6999,4.3,30140,2071,2,64,Mediatek Helio A22,8 MP + Depth Lens,5MP,16.76,5000,Lithium
ONEPLUS,ONEPLUS NORD CE 2 LITE 5G,Blue Tide,19999,19998,4.3,47110,3685,6,128,,64MP,,16.74,5000,
ONEPLUS,ONEPLUS NORD CE 2 LITE 5G,Blue Tide,17999,21999,4.3,3895,348,8,128,,64MP,,16.74,5000,
XIAOMI,POCO X4 PRO 5G,Laser Black,25999,17499,4.2,17160,1763,8,128,Qualcomm Snapdragon 695 5G,64MP + 8MP + 2MP,16MP,16.94,5000,Lithium
MOTOROLA,MOTOROLA EDGE 30,Meteor Grey,30999,22999,4.1,8266,1114,6,128,Qualcomm Snapdragon 778G Plus,50MP + 50MP + 2MP,32MP,16.64,4020,Lithium
XIAOMI,REDMI NOTE 11,Space Black,19999,14699,4.3,774,63,6,128,,50MP,,16.33,5000,
IQOO,IQOO Z6 44W,Raven Black,17999,16239,4.3,859,66,6,128,,50MP + 50MP + 2MP + 2MP,16MP + 16MP Dual,16.36,5000,
INFINIX,INFINIX HOT 12 PRO,Lightsaber Green,15999,11999,4,4590,403,8,128,Unisoc T616,50 MP + Depth Lens,8MP,16.76,5000,Lithium
MICROMAX,MICROMAX IN 2C,Silver,9499,5999,4.2,3156,372,3,32,Unisoc T610,8MP,5MP,16.56,5000,
OPPO,OPPO F19,Prism Black,20990,14990,4.3,25035,1801,6,128,Qualcomm Snapdragon 662,48MP + 2MP + 2MP,16MP,16.33,5000,
SAMSUNG,SAMSUNG GALAXY M33 5G,Deep Ocean Blue,25999,18634,4.3,1070,77,8,128,,50MP,,16.76,6000,
MOTOROLA,MOTOROLA E13,Cosmic Black,9999,6999,4.2,214,23,2,64,Unisoc T606,13MP,5MP,16.51,5000,
INFINIX,INFINIX NOTE 12 PRO,Volcanic Grey,21999,14999,4.2,3941,432,8,256,Mediatek Helio G99,108MP + 2MP Depth Lens + AI lens,16MP,17.02,5000,Lithium Polymer
INFINIX,INFINIX NOTE 12 PRO,Tuscany Blue,21999,14999,4.2,3941,432,8,256,Mediatek Helio G99,108MP + 2MP Depth Lens + AI lens,16MP,17.02,5000,Lithium Polymer
SAMSUNG,SAMSUNG GALAXY A03,Black,8690,8149,4.1,674,43,3,32,Unisoc UMS9230,48MP + 2MP,5MP,16.51,5000,Lithium Ion
REALME,REALME 9I 5G,Rocking Black,19999,16999,4.3,5416,392,6,128,Mediatek Dimensity 810 5G,50MP + 2MP + 2MP,8MP,16.76,5000,Lithium Ion
OPPO,OPPO K10,Black Carbon,18999,13990,4.4,103802,7606,6,128,Qualcomm Snapdragon 680,50MP + 2MP + 2MP,16MP,16.74,5000,Lithium Ion
XIAOMI,REDMI 10A SPORT,SLATE GREY,13999,10989,4,797,49,6,128,,13MP,,16.59,5000,
SAMSUNG,SAMSUNG GALAXY S21 FE 5G,Graphite,74999,34999,4.4,36083,3525,8,128,,12MP + 12MP + 8MP (OIS),32MP,16.26,4500,Lithium Ion
XIAOMI,POCO X5 PRO 5G,Astral Black,25999,22999,4.4,924,119,6,128,Qualcomm Snapdragon 778G,108MP + 8MP + 2MP,16MP,16.94,5000,
ITEL,ITEL VISION3,Jewel Blue,7999,5899,4.3,211,17,2,32,,8MP,,16.76,5000,
REALME,REALME NARZO 50A PRIME,Flash Black,13499,10977,3.9,198,11,4,64,,50MP,8MP,16.76,5000,
OPPO,OPPO A77S,Starry Black,22999,17999,4.3,263,21,8,128,Qualcomm Snapdragon 680,50MP + 2MP,8MP,16.66,5000,Lithium
MOTOROLA,MOTOROLA E13,Aurora Green,9999,6999,4.2,214,23,2,64,Unisoc T606,13MP,5MP,16.51,5000,
INFINIX,INFINIX NOTE 12,Force Black,15999,10999,4.2,25033,2495,4,64,MediaTek Helio G88,50MP + 2MP Depth + AI Lens,16MP,17.02,5000,Lithium
INFINIX,INFINIX NOTE 12,Jewel Blue,15999,10999,4.2,25033,2495,4,64,MediaTek Helio G88,50MP + 2MP Depth + AI Lens,16MP,17.02,5000,Lithium
VIVO,VIVO T1 5G,Starlight Black,20990,16990,4.4,167235,12790,6,128,Qualcomm Snapdragon 695,50MP + 2MP + 2MP,16MP,16.71,5000,Lithium
VIVO,VIVO T1 5G,Rainbow Fantasy,19990,15990,4.3,63968,5079,4,128,Turbo Snapdragon 695,50MP + 2MP + 2MP,16MP,16.71,5000,Lithium
VIVO,VIVO T1 5G,Rainbow Fantasy,20990,16990,4.4,167235,12790,6,128,Qualcomm Snapdragon 695,50MP + 2MP + 2MP,16MP,16.71,5000,Lithium
TECNO,TECNO POVA 3,Eco Black,14999,10869,4.3,471,26,4,64,MediaTek Helio G88,50MP + 2MP + 2MP,8MP,17.53,7000,
TECNO,TECNO POVA 3,Electric Blue,14499,12490,4.3,471,26,4,64,MediaTek Helio G88,50MP + 2MP + 2MP,8MP,17.53,7000,
REALME,REALME C11 2021,Cool Grey,9999,8999,4.3,206885,11043,4,64,Octa-core,8MP,5MP,16.51,5000,
REALME,REALME C11 2021,Cool Blue,9999,8999,4.3,206885,11043,4,64,Octa-core,8MP,5MP,16.51,5000,
INFINIX,INFINIX SMART 6 PLUS,Tranquil Sea Blue,9999,8299,4.3,11620,836,3,64,Mediatek Helio G25,8 MP + Depth Lens,5MP,17.32,5000,Lithium
XIAOMI,REDMI NOTE 10 PRO,Vintage Bronze,19999,17999,4.3,42313,3963,6,128,Qualcomm Snapdragon 732G,64MP + 8MP + 5MP + 2MP,16MP,16.94,5020,Lithium Polymer
APPLE,APPLE IPHONE 14,Midnight,89900,81999,4.7,16010,686,,256,"A Bionic Chip,  Core",12MP + 12MP,12MP,15.49,,
SAMSUNG,SAMSUNG GALAXY S21 FE 5G,Olive,74999,34999,4.4,36083,3525,8,128,,12MP + 12MP + 8MP (OIS),32MP,16.26,4500,Lithium Ion
REALME,REALME C30S,Stripe Black,11999,8499,4.3,4596,269,4,64,Unisoc SC9863A/ Unisoc SC9863A1,8MP,5MP,16.51,5000,Lithium Ion
REALME,REALME C30S,Stripe Blue,11999,8499,4.3,4596,269,4,64,Unisoc SC9863A/ Unisoc SC9863A1,8MP,5MP,16.51,5000,Lithium Ion
SAMSUNG,SAMSUNG GALAXY M04,Dark Blue,11499,8966,4.2,365,27,4,64,MediaTek Helio P35,13MP + 2MP,5MP,16.51,5000,
INFINIX,INFINIX HOT 20 5G,Racing Black,17999,11499,4.3,3241,271,4,64,Dimensity 810,50MP + AI Lens,8MP,16.76,5000,Lithium
SAMSUNG,SAMSUNG GALAXY A23 5G,Silver,28990,22999,4.2,65,5,6,128,Qualcomm Snapdragon 695 (SM6375),50MP + 5MP,8MP,16.76,5000,Lithium Ion
IQOO,IQOO Z6 44W,Ravan Black,17999,15824,4.3,859,66,6,128,,50MP,,16.36,5000,
XIAOMI,REDMI NOTE 11,Horizon Blue,17999,11999,4.2,396,34,4,64,,50MP,,16.33,5000,
ONEPLUS,ONEPLUS NORD CE 2 LITE 5G,Black Dusk,19999,19980,4.3,47110,3685,6,128,,64MP,,16.74,5000,
REALME,REALME C21,Cross Blue,9999,9499,4.4,71737,3906,3,32,MediaTek Helio G35,13MP + 2MP + 2MP,5MP,16.51,5000,
REALME,REALME C21,Cross Black,10999,10499,4.4,147339,7086,4,64,MediaTek Helio G35,13MP + 2MP + 2MP,5MP,16.51,5000,
XIAOMI,REDMI NOTE 11S,Horizon Blue,20999,15900,4.3,2281,176,6,128,,108MP,,16.33,5000,
APPLE,APPLE IPHONE 14,Starlight,89900,81999,4.7,16010,686,,256,"A Bionic Chip,  Core",12MP + 12MP,12MP,15.49,,
ITEL,ITEL VISION3,Multi Green,7999,5899,4.3,211,17,2,32,,8MP,,16.76,5000,
INFINIX,INFINIX ZERO 20,Glitter Gold,24999,15999,4.2,1433,212,8,128,Mediatek G99,108MP + 13MP + 2MP,60 MP with OIS,17.02,4500,Lithium
INFINIX,INFINIX ZERO 20,DEEP GRAY,24999,15999,4.2,1433,212,8,128,Mediatek G99,108MP + 13MP + 2MP,60 MP with OIS,17.02,4500,Lithium
VIVO,VIVO Y01,Elegant Black,12999,7999,4.2,1275,81,2,32,Mediatek Helio P35,8MP,5MP,16.54,5000,Lithium
OPPO,OPPO A77S,Sunset Orange,22999,17999,4.3,263,21,8,128,Qualcomm Snapdragon 680,50MP + 2MP,8MP,16.66,5000,Lithium
IQOO,IQOO Z6 LITE 5G,Mystic Night,15999,13976,4.1,54,2,4,64,,50MP,,16.97,5000,
ONEPLUS,ONEPLUS NORD CE 2 LITE 5G,Black Dusk,19999,19888,4.3,47110,3685,6,128,,64MP,,16.74,5000,
VIVO,VIVO Y33S,Mirror Black,21990,15999,4.3,12159,1104,8,128,MediaTek Helio G80,50MP + 2MP + 2MP,16MP,16.71,5000,Lithium
XIAOMI,REDMI 11 PRIME 5G,Meadow Green,15999,13525,4.3,1288,86,4,64,,5MP,,16.71,5000,
VIVO,VIVO Y35,Agate Black,22999,18499,4.4,1670,119,8,128,Qualcomm Snapdragon 680,50MP + 2MP + 2MP,16MP,16.71,5000,Lithium
XIAOMI,REDMI 11 PRIME 5G,Meadow Green,17999,16990,4.2,253,17,6,128,,5MP,,16.71,5000,
INFINIX,INFINIX HOT 12 PLAY,Champagne Gold,11999,8999,4.3,112223,8237,4,64,Unisoc T610,13MP + Depth Lens,8MP,17.32,6000,Lithium
INFINIX,INFINIX HOT 12 PLAY,Horizon Blue,11999,8999,4.3,112223,8237,4,64,Unisoc T610,13MP + Depth Lens,8MP,17.32,6000,Lithium
INFINIX,INFINIX HOT 12 PLAY,Daylight Green,11999,8999,4.3,112223,8237,4,64,Unisoc T610,13MP + Depth Lens,8MP,17.32,6000,Lithium
VIVO,VIVO Y75,Dancing waves,25990,19990,4.3,1862,146,8,128,Mediatek G96,50MP + 8MP + 2MP,44MP,16.36,4050,Lithium
NOTHING,NOTHING PHONE,,39999,28499,4.3,51215,6659,8,,Qualcomm Snapdragon 778G+,50MP + 50MP,16MP,16.64,4500,Lithium Ion
NOTHING,NOTHING PHONE,,42999,35999,4.3,6616,753,,,Qualcomm Snapdragon 778G+,50MP + 50MP,16MP,16.64,4500,Lithium Ion
NOTHING,NOTHING PHONE,,39999,27999,4.3,51215,6659,8,,Qualcomm Snapdragon 778G+,50MP + 50MP,16MP,16.64,4500,Lithium Ion
XIAOMI,REDMI NOTE 12 PRO 5G,Glacier Blue,29999,26999,4.3,3694,395,8,128,Mediatek Dimensity 1080,50MP (OIS) + 8MP + 2MP,16MP,16.94,5000,Lithium Polymer
NOTHING,NOTHING PHONE,,37999,26999,4.3,51215,6659,8,,Qualcomm Snapdragon 778G+,50MP + 50MP,16MP,16.64,4500,Lithium Ion
APPLE,APPLE IPHONE 14 PLUS,,99900,90999,4.7,4110,294,,,"A Bionic Chip,  Core",12MP + 12MP,12MP,17.02,,
SAMSUNG,SAMSUNG GALAXY M32 PRIME EDITION,Light Blue,16999,12890,4.3,244,21,4,64,,64MP,,16.26,6000,
XIAOMI,REDMI NOTE 12 PRO+ 5G,Iceberg Blue,36999,32999,4.3,2098,242,,256,Mediatek Dimensity 1080,200MP + 8MP + 2MP,16MP,16.94,4980,Lithium Polymer
VIVO,VIVO Y100 5G,Metal Black,29999,24999,4.3,46,4,8,128,Mediatek Dimensity 900,64MP (OIS) + 2MP + 2MP,16MP,16.21,4500,
VIVO,VIVO Y100 5G,Pacific Blue,29999,24999,4.3,46,4,8,128,Mediatek Dimensity 900,64MP (OIS) + 2MP + 2MP,16MP,16.21,4500,
VIVO,VIVO Y100 5G,Twilight Gold,29999,24999,4.3,46,4,8,128,Mediatek Dimensity 900,64MP (OIS) + 2MP + 2MP,16MP,16.21,4500,
INFINIX,INFINIX SMART 6 PLUS,Miracle Black,9999,8299,4.3,11620,836,3,64,Mediatek Helio G25,8 MP + Depth Lens,5MP,17.32,5000,Lithium
XIAOMI,REDMI NOTE 11,Horizon Blue,18999,12263,4.3,774,63,6,64,,50MP,,16.33,5000,
MICROMAX,MICROMAX IN 2C,Brown,9499,5999,4.2,3156,372,3,32,Unisoc T610,8MP,5MP,16.56,5000,
INFINIX,INFINIX ZERO 20,Green Fantasy,24999,15999,4.2,1433,212,8,128,Mediatek G99,108MP + 13MP + 2MP,60 MP with OIS,17.02,4500,Lithium
XIAOMI,REDMI NOTE 12 5G,Frosted Green,19999,17290,4.2,68,8,4,128,,48MP,,16.94,5000,
XIAOMI,REDMI NOTE 12 PRO 5G,Onyx Black,29999,26999,4.3,3694,395,8,128,Mediatek Dimensity 1080,50MP (OIS) + 8MP + 2MP,16MP,16.94,5000,Lithium Polymer
XIAOMI,REDMI 10 POWER,Power Black,18999,12639,4.1,715,39,8,128,,50MP,,17.02,6000,
XIAOMI,REDMI NOTE 12 PRO+ 5G,Iceberg Blue,33999,29999,4.3,5404,641,8,256,Mediatek Dimensity 1080,200MP + 8MP + 2MP,16MP,16.94,4980,Lithium Polymer
SAMSUNG,SAMSUNG GALAXY M33 5G,Emarld Brown,24999,16964,4.2,7862,640,6,128,,50MP,,16.76,6000,
OPPO,OPPO F19S,Glowing Gold,22990,15990,4.5,10073,555,6,128,Qualcomm Snapdragon 662,48MP + 2MP + 2MP,16MP,16.33,5000,
MOTOROLA,MOTOROLA G60,Moonless,21999,15999,4.2,133640,13531,6,128,Qualcomm Snapdragon 732G,108MP + 8MP + 2MP,32MP,17.22,6000,
SAMSUNG,SAMSUNG GALAXY M33 5G,Deep Ocean Blue,24999,16965,4.2,7862,640,6,128,,50MP,,16.76,6000,
REALME,REALME 10,Clash White,19999,16999,4.3,803,57,8,128,Mediatek Helio G99 Octa Core,50MP + 2MP,16MP,16.26,5000,
VIVO,VIVO T1 PRO 5G,Turbo Black,30990,24999,4.4,16255,1697,8,128,Qualcomm Snapdragon 778G 5G Mobile Platform,64MP + 8MP + 2MP,16MP,16.36,4700,Lithium
XIAOMI,REDMI 9A SPORT,Coral Green,9499,7284,4.2,6199,454,3,32,,13MP,,16.59,5000,
XIAOMI,REDMI 9A SPORT,Coral Green,8499,7095,4.1,25145,1885,2,32,,13MP,,16.59,5000,
XIAOMI,REDMI 9A SPORT,Carbon Black,8499,7189,4.1,25145,1885,2,32,,13MP,,16.59,5000,
TECNO,TECNO SPARK 9,Infinity Black,9999,9990,4,773,44,6,128,MediaTek Helio G37,13MP,8MP,16.76,5000,
XIAOMI,POCO M5,Icy Blue,15999,11499,4.3,3191,240,4,64,Mediatek Helio G99,50MP + 2MP Depth Sensor + 2MP Macro Sensor,8MP,16.71,5000,Lithium
TECNO,TECNO CAMON 19,Memphis Green,18999,13977,4.2,244,25,6,128,MediaTek Helio G85,64MP + 2MP,16MP,17.27,5000,
INFINIX,INFINIX HOT 12 PLAY,Racing Black,11999,8999,4.3,112223,8237,4,64,Unisoc T610,13MP + Depth Lens,8MP,17.32,6000,Lithium
SAMSUNG,SAMSUNG GALAXY M32 PRIME EDITION,Light Blue,17999,15700,4.3,86,10,6,128,,64MP,,16.26,6000,
INFINIX,INFINIX ZERO 5G 2023 TURBO,Coral Orange,24999,19999,3.9,168,33,8,256,Mediatek Dimensity 1080,50MP + 2MP + 2MP,16MP,17.22,5000,Lithium
VIVO,VIVO Y02,Orchid Blue,12999,8999,4.3,200,9,3,32,MediaTek P22,8MP,5MP,16.54,5000,
INFINIX,INFINIX NOTE 12,Jewel Blue,17999,12499,4.2,12428,1196,6,128,MediaTek Helio G88,50MP + 2MP Depth + AI Lens,16MP,17.02,5000,Lithium
APPLE,APPLE IPHONE 12,Black,59900,51999,4.6,186979,12739,,64,A Bionic Chip with Next Generation Neural Engine,12MP + 12MP,12MP,15.49,,
MOTOROLA,MOTOROLA EDGE 30 FUSION,Solar Gold,49999,39999,4.4,2621,456,8,128,Qualcomm Snapdragon 888 +,50MP + 13MP + 2MP,32MP,16.64,4400,Lithium
XIAOMI,POCO M4 PRO,Cool Blue,21999,17999,4.3,14132,1226,8,128,Mediatek Helio G96,64MP + 8MP + 2MP,16MP,16.33,5000,Lithium
SAMSUNG,SAMSUNG GALAXY A14 5G,Black,18499,16499,4.2,89,3,4,64,SEC S5E8535 (Exynos 1330),50MP + 2MP,13MP,16.76,5000,Lithium Ion
SAMSUNG,SAMSUNG GALAXY F22,Denim Black,14999,11499,4.3,102798,9876,4,64,MediaTek Helio G80,48MP + 8MP + 2MP + 2MP,13MP,16.26,6000,Lithium Ion
REALME,REALME NARZO 50A PRIME,FLASH BLUE,13499,11500,3.9,198,11,4,64,,50MP,,16.76,5000,
MOTOROLA,MOTOROLA G31,Meteorite Grey,16999,11999,4.2,13407,1403,6,128,Mediatek Helio G85,50MP + 8MP + 2MP,13MP,16.26,5000,Lithium Polymer
REALME,REALME C20,Cool Grey,7999,7499,4.4,296873,14013,2,32,MediaTek Helio G35,8MP,5MP,16.51,5000,
SAMSUNG,SAMSUNG GALAXY A23 5G,Silver,30990,24999,3.9,48,2,8,128,Qualcomm Snapdragon 695 (SM6375),50MP + 5MP,8MP,16.76,5000,Lithium Ion
MOTOROLA,MOTOROLA E40,Pink Clay,10999,8999,4.2,70754,6695,4,64,UNISOC T700,48MP + 2MP + 2MP,8MP,16.51,5000,
TECNO,TECNO POP 6 PRO,Polar Black,17999,6799,4.3,152,12,2,32,Unisoc SC9863A,8MP,,16.66,5000,
SAMSUNG,SAMSUNG GALAXY A03 CORE,Onyx,10499,6700,4,2729,237,2,32,Octa Core,8MP,5MP,16.51,5000,Lithium Ion
GOOGLE,GOOGLE PIXEL 7,Lemongrass,59999,57099,4.4,2703,425,8,128,Google Tensor G2,50MP + 12MP,10.8MP,16,4270,
GOOGLE,GOOGLE PIXEL 7,Obsidian,59999,57099,4.4,2703,425,8,128,Google Tensor G2,50MP + 12MP,10.8MP,16,4270,
APPLE,APPLE IPHONE 14 PLUS,,89900,80999,4.7,4110,294,,,"A Bionic Chip,  Core",12MP + 12MP,12MP,17.02,,
XIAOMI,POCO M5,Icy Blue,18999,12999,4.3,1565,103,6,128,Mediatek Helio G99,50MP + 2MP Depth Sensor + 2MP Macro Sensor,8MP,16.71,5000,Lithium
REALME,REALME 9 PRO 5G,Sunrise Blue,21999,18999,4.4,81684,6856,6,128,Qualcomm Snapdragon 695,64MP + 8MP + 2MP,16MP,16.76,5000,Lithium Ion
APPLE,APPLE IPHONE 11,Red,48900,47999,4.6,184191,10818,,128,A Bionic Chip,12MP + 12MP,12MP,15.49,,
REALME,REALME 9I 5G,Metallica Gold,19999,16999,4.3,5416,392,6,128,Mediatek Dimensity 810 5G,50MP + 2MP + 2MP,8MP,16.76,5000,Lithium Ion
IQOO,IQOO Z6 LITE 5G,,17999,16390,4.1,645,52,6,,,50MP,,16.97,5000,
TECNO,TECNO POP 5 LTE,Ice Blue,6599,6464,4.2,758,44,2,32,Unisoc SC9863A,8MP,5MP,16.56,5000,
APPLE,APPLE IPHONE 12,Purple,59900,51999,4.6,186979,12739,,64,A Bionic Chip with Next Generation Neural Engine,12MP + 12MP,12MP,15.49,,
MOTOROLA,MOTOROLA EDGE 30,Aurora Green,34999,24999,4.1,4457,640,8,128,Qualcomm Snapdragon 778G Plus,50MP + 50MP + 2MP,32MP,16.64,4020,Lithium
SAMSUNG,SAMSUNG GALAXY A23 5G,Orange,28990,22999,4.2,65,5,6,128,Qualcomm Snapdragon 695 (SM6375),50MP + 5MP,8MP,16.76,5000,Lithium Ion
VIVO,VIVO Y33T,Starry Gold,22990,16790,4.4,2576,182,8,128,,50MP + 2MP + 2MP,16MP,16.71,5000,
REALME,REALME NARZO 50I,Mint Green,7999,6870,4.5,122289,4876,2,32,SC9863A,8MP,5MP,16.51,5000,
NOKIA,NOKIA G11 PLUS,Grey,13999,9499,4,6,1,4,64,Octa Core,50MP + 2MP,8MP + 2MP Dual,16.55,5000,Lithium Polymer
XIAOMI,POCO M5,Power Black,18999,12999,4.3,1565,103,6,128,Mediatek Helio G99,50MP + 2MP Depth Sensor + 2MP Macro Sensor,8MP,16.71,5000,Lithium
XIAOMI,REDMI 9 ACTIV,Coral Green,10999,9094,4.2,9732,676,4,64,,13MP,,16.59,5000,
VIVO,VIVO Y56 5G,Orange Shimmer,24999,19999,4.7,3,1,8,128,Mediatek Dimensity 700,50MP + 2MP,16MP,16.71,5000,
VIVO,VIVO Y56 5G,Black Engine,24999,19999,4.7,3,1,8,128,Mediatek Dimensity 700,50MP + 2MP,16MP,16.71,5000,
OPPO,OPPO F21S PRO 5G,Starlight Black,31999,25490,4.2,359,27,8,128,Qualcomm SM6225 Snapdragon 680 4G (6 nm),64MP + 2MP + 2MP,16MP + 2MP Dual,16.33,4500,
REALME,REALME 9,Sunburst Gold,20999,16999,4.4,61332,4451,6,128,Qualcomm Snapdragon 680,108MP + 8MP + 2MP,16MP,16.26,5000,Lithium Ion
REALME,REALME 9,Sunburst Gold,22999,17999,4.4,24775,1876,8,128,Qualcomm Snapdragon 680,108MP + 8MP + 2MP,16MP,16.26,5000,Lithium Ion
REALME,REALME 9,Meteor Black,20999,16999,4.4,61332,4451,6,128,Qualcomm Snapdragon 680,108MP + 8MP + 2MP,16MP,16.26,5000,Lithium Ion
APPLE,APPLE IPHONE 14 PLUS,Purple,99900,90999,4.7,4110,294,,256,"A Bionic Chip,  Core",12MP + 12MP,12MP,17.02,,
APPLE,APPLE IPHONE 14 PLUS,Starlight,99900,90999,4.7,4110,294,,256,"A Bionic Chip,  Core",12MP + 12MP,12MP,17.02,,
IQOO,IQOO NEO 6 5G,Dark Nova,34999,30300,4.4,1010,125,8,128,,64MP + 64MP + 8MP + 2MP,16MP + 16MP Dual,16.81,4700,
VIVO,VIVO Y22,Metaverse Green,17990,14499,4.3,684,45,4,64,Mediatek Helio G70,50MP + 2MP,8MP,16.64,5000,Lithium
VIVO,VIVO Y22,Metaverse Green,19990,16499,4.3,645,35,6,128,Mediatek Helio G70,50MP + 2MP,8MP,16.64,5000,Lithium
REALME,REALME C20,Cool Blue,7999,7499,4.4,296873,14013,2,32,MediaTek Helio G35,8MP,5MP,16.51,5000,
XIAOMI,REDMI K50I 5G,Stealth Black,31999,23290,4.2,1043,138,6,128,,64MP,,16.76,5080,
XIAOMI,REDMI NOTE 12 PRO+ 5G,Obsidian Black,33999,29999,4.3,5404,641,8,256,Mediatek Dimensity 1080,200MP + 8MP + 2MP,16MP,16.94,4980,Lithium Polymer
MOTOROLA,MOTOROLA G40 FUSION,Dynamic Gray,16999,14499,4.2,32941,3704,4,64,Qualcomm Snapdragon 732G,64MP + 8MP + 2MP,16MP,17.22,6000,
VIVO,VIVO Y21,Diamond Glow,17990,12628,4.3,14580,1090,4,64,Mediatek Helio P35,13MP + 2MP,8MP,16.54,5000,Lithium
SAMSUNG,SAMSUNG GALAXY M32 PRIME EDITION,Light Blue,17999,11570,4.3,244,21,4,64,,64MP,,16.26,6000,
REALME,REALME 9I 5G,Soulful Blue,19999,16999,4.3,5416,392,6,128,Mediatek Dimensity 810 5G,50MP + 2MP + 2MP,8MP,16.76,5000,Lithium Ion
INFINIX,INFINIX SMART 6 PLUS,Crystal Violet,9999,8299,4.3,11620,836,3,64,Mediatek Helio G25,8 MP + Depth Lens,5MP,17.32,5000,Lithium
REALME,REALME 9,Meteor Black,22999,17999,4.4,24775,1876,8,128,Qualcomm Snapdragon 680,108MP + 8MP + 2MP,16MP,16.26,5000,Lithium Ion
TECNO,TECNO POP 5 LTE,Deepsea Luster,17999,7299,4.2,758,44,2,32,Unisoc SC9863A,8MP,5MP,16.56,5000,
XIAOMI,POCO C3,Matte Black,17999,9999,4.3,398759,26507,3,32,Mediatek Helio G35,13MP + 2MP + 2MP,5MP,16.59,5000,Lithium
IQOO,IQOO Z6 LITE 5G,,15999,14180,4.2,331,23,4,,,50MP,,16.97,5000,
SAMSUNG,SAMSUNG GALAXY A14 5G,Dark Red,20999,18999,4,135,13,6,128,SEC S5E8535 (Exynos 1330),50MP + 2MP,13MP,16.76,5000,Lithium Ion
TECNO,TECNO CAMON 19,Eco Black,15999,13999,4.2,244,25,6,128,MediaTek Helio G85,64MP + 2MP,16MP,17.27,5000,
REALME,REALME NARZO 50I,Carbon Black,7500,6880,4.5,122289,4876,2,32,SC9863A,8MP,5MP,16.51,5000,
VIVO,VIVO T1 PRO 5G,Turbo Cyan,28990,23999,4.4,7982,764,6,128,Qualcomm Snapdragon 778G 5G Mobile Platform,64MP + 8MP + 2MP,16MP,16.36,4700,Lithium
ITEL,ITEL VISION 3,Multi Green,8999,6933,4,503,53,3,64,Unisoc 9863A,8MP,5MP,16.76,5000,Lithium Polymer
ITEL,ITEL VISION 3,Deep Ocean Black,17999,6777,4,503,53,3,64,Unisoc 9863A,8MP,5MP,16.76,5000,Lithium Polymer
REALME,REALME 9 PRO 5G,Midnight Black,21999,18999,4.4,81684,6856,6,128,Qualcomm Snapdragon 695,64MP + 8MP + 2MP,16MP,16.76,5000,Lithium Ion
APPLE,APPLE IPHONE 14 PLUS,Blue,99900,90999,4.7,4110,294,,256,"A Bionic Chip,  Core",12MP + 12MP,12MP,17.02,,
SAMSUNG,SAMSUNG GALAXY S23 5G,Lavender,95999,79999,4.7,51,7,8,256,Qualcomm Snapdragon 8 Gen 2,50MP + 10MP + 12MP,12MP,15.49,3900,Lithium Ion
REALME,REALME 9 PRO 5G,Midnight Black,23999,20999,4.3,14450,1165,8,128,Qualcomm Snapdragon 695,64MP + 8MP + 2MP,16MP,16.76,5000,Lithium Ion
REALME,REALME 9 PRO 5G,Aurora Green,21999,18999,4.4,81684,6856,6,128,Qualcomm Snapdragon 695,64MP + 8MP + 2MP,16MP,16.76,5000,Lithium Ion
INFINIX,INFINIX HOT 11,Silver Wave,11999,9999,4.3,16145,1380,4,64,MediaTek Helio G70,13MP + Depth Lens,8MP,16.76,5200,Lithium
XIAOMI,POCO F4 5G,Night Black,32999,25999,4.3,12034,1723,6,128,Qualcomm Snapdragon 870,64MP + 8MP + 2MP,20MP,16.94,4500,Lithium
XIAOMI,REDMI NOTE 11,Starburst White,19999,14699,4.3,774,63,6,128,,50MP,,16.33,5000,
APPLE,APPLE IPHONE 13,Blue,79900,71999,4.7,190651,10468,,256,A Bionic Chip,12MP + 12MP,12MP,15.49,,
XIAOMI,REDMI NOTE 12 PRO+ 5G,Arctic White,36999,32999,4.3,2098,242,,256,Mediatek Dimensity 1080,200MP + 8MP + 2MP,16MP,16.94,4980,Lithium Polymer
SAMSUNG,SAMSUNG GALAXY M13,Stardust Brown,14999,11244,4.2,2494,164,4,64,,50MP,,16.76,6000,
XIAOMI,REDMI NOTE 12 PRO 5G,Stardust Purple,29999,26999,4.3,3694,395,8,128,Mediatek Dimensity 1080,50MP (OIS) + 8MP + 2MP,16MP,16.94,5000,Lithium Polymer
VIVO,VIVO Y21T,Midnight Blue,19990,15499,4.3,1559,107,4,128,Qualcomm Snapdragon 680,50MP + 2MP + 2MP,8MP,16.71,5000,Lithium
REALME,REALME 9,Stargaze White,22999,17999,4.4,24775,1876,8,128,Qualcomm Snapdragon 680,108MP + 8MP + 2MP,16MP,16.26,5000,Lithium Ion
XIAOMI,REDMI NOTE 10T 5G,Mint Green,18999,14999,4.2,31669,2424,6,128,Mediatek Dimensity 700,48MP Primary Camera + 2MP Macro Lens + 2MP Depth Sensor,8MP,16.66,5000,Lithium Polymer
XIAOMI,REDMI 9 ACTIV,Carbon Black,10999,8999,4.2,9732,676,4,64,,13MP,,16.59,5000,
IQOO,IQOO Z6 44W,Lumina Blue,19999,14535,4.2,1071,85,4,128,,50MP + 50MP + 2MP + 2MP,16MP + 16MP Dual,16.36,5000,
SAMSUNG,SAMSUNG GALAXY Z FLIP3 5G,Cream,95999,69999,4.4,1876,144,8,128,Qualcomm Snapdragon 888 Octa-Core,12MP + 12MP,10MP,17.02,3300,Lithium Ion
MOTOROLA,MOTOROLA G51 5G,Indigo Blue,17999,12999,4.1,17217,2113,4,64,Qualcomm Snapdragon 480 Pro,50MP + 8MP + 2MP,13MP,17.27,5000,Lithium Polymer
OPPO,OPPO A76,Glowing Black,21499,16490,4.3,360,27,6,128,Qualcomm Snapdragon 680,13MP + 2MP,8MP,16.66,5000,Lithium Ion
XIAOMI,POCO F4 5G,Night Black,39999,29999,4.3,2808,406,,256,Qualcomm Snapdragon 870,64MP + 8MP + 2MP,20MP,16.94,4500,Lithium
XIAOMI,POCO X4 PRO 5G,Yellow,22999,15499,4.2,73220,7392,6,64,Qualcomm Snapdragon 695 5G,64MP + 8MP + 2MP,16MP,16.94,5000,Lithium
REALME,REALME C21,Cross Black,9999,9499,4.4,71737,3906,3,32,MediaTek Helio G35,13MP + 2MP + 2MP,5MP,16.51,5000,
XIAOMI,REDMI NOTE 12 PRO+ 5G,Obsidian Black,36999,32999,4.3,2098,242,,256,Mediatek Dimensity 1080,200MP + 8MP + 2MP,16MP,16.94,4980,Lithium Polymer
APPLE,APPLE IPHONE 13,Starlight,79900,71999,4.7,190651,10468,,256,A Bionic Chip,12MP + 12MP,12MP,15.49,,
REALME,REALME NARZO 50 PRO 5G,Hyper Black,25999,21890,4.2,62,9,6,128,Dimensity 920 5G,48MP,,16.26,5000,
VIVO,VIVO Y33S,Midday Dream,21990,18990,4.3,12159,1104,8,128,MediaTek Helio G80,50MP + 2MP + 2MP,16MP,16.71,5000,Lithium
XIAOMI,XIAOMI 11LITE NE,Vinyl Black,33999,24999,4.2,1616,168,8,128,Qualcomm Snapdragon 778G,64MP + 8MP + 5MP,20MP,16.64,4250,
ITEL,ITEL A23S,Ocean Blue,4899,4699,3.5,92,6,2,32,,2MP,,12.7,3020,
XIAOMI,POCO M4 PRO 5G,Power Black,19999,16999,4.2,47939,4182,6,128,Mediatek Dimensity 810,50MP + 8MP,16MP,16.76,5000,Lithium
INFINIX,INFINIX HOT 11S,Polar Black,14999,11999,4.3,49358,5250,4,128,Mediatek Helio G88,50 MP + 2 MP + AI Lens,8MP,17.22,5000,Lithium
INFINIX,INFINIX HOT 11S,Silver Wave,14999,11999,4.3,49358,5250,4,128,Mediatek Helio G88,50 MP + 2 MP + AI Lens,8MP,17.22,5000,Lithium
XIAOMI,REDMI GO,Blue,17999,5999,4.3,167688,13179,1,16,Qualcomm Snapdragon 425,8MP,5MP,12.7,3000,Lithium Polymer
SAMSUNG,SAMSUNG GALAXY A52,Awesome Black,17999,25490,4.3,2150,261,6,128,Qualcomm Snapdragon 720G,64MP + 12MP + 5MP + 5MP,32MP,16.51,4500,Lithium Ion
XIAOMI,REDMI NOTE 9,Scarlet Red,16499,13499,4.3,123832,9424,4,128,MediaTek Helio G85,48MP,,16.59,5020,
APPLE,APPLE IPHONE 11,Red,43900,41999,4.6,184191,10818,,64,A Bionic Chip,12MP + 12MP,12MP,15.49,,
XIAOMI,REDMI 7A,Matte Blue,17999,6999,4.3,388968,28128,2,32,Qualcomm Snapdragon 439,12MP,5MP,13.84,4000,Lithium Polymer
REALME,REALME GT 2,Paper Green,39999,34999,4.3,5990,785,8,128,Qualcomm Snapdragon 888,50MP + 8MP + 2MP,16MP,16.81,5000,Lithium Ion
REALME,REALME GT 2,Steel Black,39999,34999,4.3,5990,785,8,128,Qualcomm Snapdragon 888,50MP + 8MP + 2MP,16MP,16.81,5000,Lithium Ion
OPPO,OPPO A76,Glowing Blue,21499,16490,4.3,360,27,6,128,Qualcomm Snapdragon 680,13MP + 2MP,8MP,16.66,5000,Lithium Ion
SAMSUNG,SAMSUNG GALAXY S22 5G,Green,85999,52149,4.3,110,16,8,128,Octa Core,50MP + 12MP + 10MP,10MP,15.49,3700,Lithium Ion
OPPO,OPPO A12,Blue,10990,9990,4.4,75143,4514,3,32,MediaTek Helio P35,13MP + 2MP,5MP,15.8,4230,
SAMSUNG,SAMSUNG GALAXY M32 PRIME EDITION,Black,16999,12899,4.3,244,21,4,64,,64MP,,16.26,6000,
OPPO,OPPO A55,Starry Black,18990,13499,4.3,748,65,4,64,MediaTek Helio G35,50MP + 2MP + 2MP,16MP,16.54,5000,Lithium
OPPO,OPPO A55,Starry Black,20990,15199,4.1,419,23,6,128,MediaTek Helio G35,50MP + 2MP + 2MP,16MP,16.54,5000,Lithium
SAMSUNG,SAMSUNG GALAXY A13,Black,20990,17499,4.1,329,20,6,128,Exynos Octa Core,50MP + 5MP + 2MP + 2MP,8MP,16.76,5000,Lithium Ion
REALME,REALME 8I,Space Black,17999,15999,4.4,70085,4884,6,128,MediaTek Helio G96,50MP + 2MP + 2MP,16MP,16.76,5000,
REALME,REALME 8I,Space Purple,15999,13999,4.5,172736,10847,4,64,MediaTek Helio G96,50MP + 2MP + 2MP,16MP,16.76,5000,
APPLE,APPLE IPHONE 13,Midnight,99900,87999,4.7,190651,10468,,512,A Bionic Chip,12MP + 12MP,12MP,15.49,,
APPLE,APPLE IPHONE 12,Blue,59900,51999,4.6,186979,12739,,64,A Bionic Chip with Next Generation Neural Engine,12MP + 12MP,12MP,15.49,,
XIAOMI,REDMI NOTE 11 PRO PLUS 5G,Stealth Black,24999,21900,4.2,5903,493,6,128,,108MP,,16.94,5000,
OPPO,OPPO A15S,Rainbow Silver,13990,12910,4.3,5645,306,4,64,,13MP,,16.56,4230,
XIAOMI,MI 11 LITE,Tuscany Coral,25999,20990,4.2,6022,611,8,128,Qualcomm Snapdragon 732G,64MP + 8MP + 5MP,16MP,16.64,4250,Lithium Polymer
VIVO,VIVO V23E 5G,Sunshine Gold,28990,24999,4.2,2141,189,8,128,Mediatek Dimensity 810,50MP + 8MP + 2MP,44MP,16.36,4050,Lithium
TECNO,TECNO SPARK 8,Atlantic Blue,13499,9449,4.1,919,62,4,64,MediaTek Helio G25,16MP,8MP,16.66,5000,
SAMSUNG,SAMSUNG GALAXY A23 5G,Light Blue,28990,22999,4.2,65,5,6,128,Qualcomm Snapdragon 695 (SM6375),50MP + 5MP,8MP,16.76,5000,Lithium Ion
SAMSUNG,SAMSUNG GALAXY A73 5G,Awesome White,47490,41999,4.2,1392,184,8,128,Qualcomm Snapdragon 778G,108MP + 12MP + 5MP + 5MP,32MP,17.02,5000,Lithium Ion
MOTOROLA,MOTOROLA G40 FUSION,Frosted Champagne,19999,16499,4.2,56396,6064,6,128,Qualcomm Snapdragon 732G,64MP + 8MP + 2MP,16MP,17.22,6000,
XIAOMI,POCO M5,Yellow,18999,12999,4.3,1565,103,6,128,Mediatek Helio G99,50MP + 2MP Depth Sensor + 2MP Macro Sensor,8MP,16.71,5000,Lithium
MOTOROLA,MOTOROLA EDGE 30 FUSION,Cosmic grey,49999,39999,4.4,2621,456,8,128,Qualcomm Snapdragon 888 +,50MP + 13MP + 2MP,32MP,16.64,4400,Lithium
SAMSUNG,SAMSUNG GALAXY A14 5G,Dark Red,22999,20999,4,93,11,8,128,SEC S5E8535 (Exynos 1330),50MP + 2MP,13MP,16.76,5000,Lithium Ion
SAMSUNG,SAMSUNG GALAXY A04E,Light Blue,11999,9999,4.4,14,2,3,64,Mediatek Helio P35,13MP + 2MP,5MP,16.51,5000,Lithium Ion
VIVO,VIVO V21 5G,Dusk Blue,32990,23990,4.3,17150,1704,8,128,MediaTek Dimensity 800U,64MP + 8MP + 2MP,44MP,16.36,4000,Lithium Ion
IQOO,IQOO Z6 44W,Raven Black,19999,14394,4.2,1071,85,4,128,,50MP,16MP,16.36,5000,
VIVO,VIVO Y53S,Deep Sea Blue,22990,15490,4.3,18983,1615,8,128,MediaTek Helio G80,64MP + 2MP + 2MP,16MP,16.71,5000,
OPPO,OPPO F21S PRO,Dawnlight Gold,21990,21890,4.2,245,16,8,128,Qualcomm SM6225 Snapdragon 680 4G (6 nm),64MP + 2MP + 2MP,32MP + 2MP Dual,16.33,4500,
ITEL,ITEL VISION 3,Multi Green,17999,6911,4,503,53,3,64,Unisoc 9863A,8MP,5MP,16.76,5000,Lithium Polymer
REALME,REALME NARZO 50 5G,Hyper Blue,17990,15990,4.3,31,2,4,128,,48MP,,16.76,5000,
REALME,REALME 9 5G,Supersonic Black,18999,15999,4.5,38692,2191,4,64,Mediatek Dimensity 810,48MP + 2MP + 2MP,16MP,16.51,5000,Lithium Polymer
REALME,REALME 9 5G,Stargaze White,20999,17499,4.4,48229,3121,6,128,Mediatek Dimensity 810,48MP + 2MP + 2MP,16MP,16.51,5000,Lithium Polymer
ITEL,ITEL A23S,Sky Cyan,4899,4699,3.5,92,6,2,32,,2MP,,12.7,3020,
REALME,REALME 9 5G,Meteor Black,18999,15999,4.5,38692,2191,4,64,Mediatek Dimensity 810,48MP + 2MP + 2MP,16MP,16.51,5000,Lithium Polymer
SAMSUNG,SAMSUNG GALAXY A53,Awesome Peach,39990,33499,4.2,1369,152,8,128,Exynos Octa Core,64MP + 12MP + 5MP + 5MP,32MP,16.51,5000,Lithium Ion
REALME,REALME 8,Cyber Silver,18999,17999,4.4,95767,8396,8,128,MediaTek Helio G95,64MP + 8MP + 2MP + 2MP,16MP,16.26,5000,
REALME,REALME 8,Cyber Black,17999,16999,4.4,121725,9954,6,128,MediaTek Helio G95,64MP + 8MP + 2MP + 2MP,16MP,16.26,5000,
REALME,REALME C21Y,Cross Black,9999,9499,4.6,90474,3087,3,32,Unisoc T610,13MP + 2MP + 2MP,5MP,16.51,5000,
REALME,REALME C21Y,Cross Blue,9999,9499,4.6,90474,3087,3,32,Unisoc T610,13MP + 2MP + 2MP,5MP,16.51,5000,
ITEL,ITEL VISION3,Deep Ocean Black,7999,5850,4.3,211,17,2,32,,8MP,,16.76,5000,
SAMSUNG,SAMSUNG GALAXY A23,Peach,23990,18499,4.2,831,58,6,128,Octa-core(EXYNOS),50MP,8MP,16.76,5000,Lithium Ion
INFINIX,INFINIX SMART 5A,Midnight Black,7999,7199,4.3,78844,5387,2,32,MediaTek Helio A20,8MP + Depth Sensor,8MP,16.56,5000,Lithium
NOKIA,NOKIA C01 PLUS,Blue,7999,5699,3.8,4349,376,2,32,Unisoc SC9863A,5MP,2MP,13.84,3000,Lithium Polymer
SAMSUNG,SAMSUNG GALAXY A52,Awesome Blue,17999,25990,4.3,2150,261,6,128,Qualcomm Snapdragon 720G,64MP + 12MP + 5MP + 5MP,32MP,16.51,4500,Lithium Ion
SAMSUNG,SAMSUNG GALAXY M33 5G,Mystique Green,25999,18757,4.3,1070,77,8,128,,50MP,,16.76,6000,
REALME,REALME C25_Y,Metal Grey,12999,10999,4.5,46866,2234,4,64,Unisoc T618,50MP + 2MP + 2MP,8MP,16.51,5000,Lithium Polymer
REALME,REALME 9 PRO 5G,Sunrise Blue,23999,20999,4.3,14450,1165,8,128,Qualcomm Snapdragon 695,64MP + 8MP + 2MP,16MP,16.76,5000,Lithium Ion
SAMSUNG,SAMSUNG GALAXY F22,Denim Blue,16999,13499,4.3,65488,6019,6,128,MediaTek Helio G80,48MP + 8MP + 2MP + 2MP,13MP,16.26,6000,Lithium Ion
ONEPLUS,ONEPLUS 10R 5G,Sierra Black,42999,39999,4.2,1070,78,,256,,50MP,,17.02,5000,
ITEL,ITEL A49,Crystal Purple,5799,5699,4.2,587,31,2,32,Quad Core,5MP,5MP,16.76,4000,Lithium Polymer
ITEL,ITEL A49,Sky Cyan,6799,5699,4.2,587,31,2,32,Quad Core,5MP,5MP,16.76,4000,Lithium Polymer
TECNO,TECNO POVA 3,Tech Silver,14999,10890,4.3,471,26,4,64,MediaTek Helio G88,50MP + 2MP + 2MP,8MP,17.53,7000,
APPLE,APPLE IPHONE 14,,89900,81999,4.7,16010,686,,,"A Bionic Chip,  Core",12MP + 12MP,12MP,15.49,,
SAMSUNG,SAMSUNG GALAXY A14 5G,Black,22999,20999,4,93,11,8,128,SEC S5E8535 (Exynos 1330),50MP + 2MP,13MP,16.76,5000,Lithium Ion
XIAOMI,REDMI NOTE 11 SE,Bifrost Blue,16999,11999,4.3,39454,2459,6,64,Mediatek Helio G95 Octa Core,64MP + 8MP + 2MP + 2MP,13MP,16.33,5000,Lithium Polymer
XIAOMI,REDMI NOTE 11T 5G,Stardust White,17999,17990,4.2,5747,452,6,128,,50MP,,16.76,5000,
IQOO,IQOO Z6 PRO 5G,Legion Sky,27990,23800,4.3,300,21,6,128,,64MP,16MP,16.36,4700,
XIAOMI,REDMI NOTE 11T 5G,Aquamarine Blue,22999,18700,4.2,3061,256,8,128,,50MP,,16.76,5000,
IQOO,IQOO Z6 PRO 5G,Phantom Dusk,17999,24599,4.3,300,21,6,128,Snapdragon® 778G,64MP,16MP,16.36,4700,
REALME,REALME 9 5G SE,Starry Glow,26999,22999,4.3,2488,231,8,128,Qualcomm Snapdragon 778G,48MP + 2MP + 2MP,16MP,16.76,5000,Lithium Polymer
REALME,REALME 9 5G SE,Azure Glow,24999,19999,4.4,26850,2216,6,128,Qualcomm Snapdragon 778G,48MP + 2MP + 2MP,16MP,16.76,5000,Lithium Polymer
INFINIX,INFINIX HOT 11S,Silver Wave,13999,10999,4.3,49358,5250,4,64,Mediatek Helio G88,50 MP + 2 MP + AI Lens,8MP,17.22,5000,Lithium
TECNO,TECNO SPARK 8C,Diamond Grey,9190,8888,4.2,103,10,4,64,Unisoc T606,13MP,8MP,16.76,5000,
REALME,REALME GT 2,Steel Black,44999,38999,4.3,1226,161,,256,Qualcomm Snapdragon 888,50MP + 8MP + 2MP,16MP,16.81,5000,Lithium Ion
APPLE,APPLE IPHONE 14 PRO,Space Black,159900,152999,4.7,756,63,,512,"A Bionic Chip,  Core",48MP + 12MP + 12MP + 12MP,12MP,15.49,,
TECNO,TECNO SPARK 8C,Diamond Grey,8498,7899,4.2,454,35,3,64,,13MP,,16.76,5000,
SAMSUNG,SAMSUNG GALAXY F42 5G,Matte Aqua,23999,20999,4.1,10434,998,6,128,MediaTek Dimensity 700,64MP + 5MP + 2MP,8MP,16.76,5000,Lithium Ion
OPPO,OPPO A12,Flowing Silver,11990,10990,4.4,67536,3116,4,64,MediaTek Helio P35,13MP + 2MP,5MP,15.8,4230,
SAMSUNG,SAMSUNG GALAXY A53,Awesome Black,39990,33499,4.2,1369,152,8,128,Exynos Octa Core,64MP + 12MP + 5MP + 5MP,32MP,16.51,5000,Lithium Ion
SAMSUNG,SAMSUNG GALAXY S22 5G,Phantom Black,85666,52499,4.3,110,16,8,128,Octa Core,50MP + 12MP + 10MP,10MP,15.49,3700,Lithium Ion
OPPO,OPPO A15S,Fancy White,13990,11990,4.3,5645,306,4,64,,13MP,,16.56,4230,
SAMSUNG,SAMSUNG GALAXY A23,Black,25490,19999,4.3,478,35,8,128,Octa-core(EXYNOS),50MP,8MP,16.76,5000,Lithium Ion
I KALL,I KALL Z5,Blue,17999,4699,3,1734,129,3,16,,8MP,5MP,13.84,3000,
MOTOROLA,MOTOROLA G60,Dynamic Gray,21999,15999,4.2,133640,13531,6,128,Qualcomm Snapdragon 732G,108MP + 8MP + 2MP,32MP,17.27,6000,
SAMSUNG,SAMSUNG GALAXY A13,Blue,18490,14999,4.1,738,49,4,64,Exynos Octa Core,50MP + 5MP + 2MP + 2MP,8MP,16.76,5000,Lithium Ion
REALME,REALME NARZO 50I,Carbon Black,9999,8999,4.3,62267,3499,4,64,SC9863A,8MP,5MP,16.51,5000,
XIAOMI,REDMI A1+,Black,10999,8499,3.9,368,25,3,32,Mediatek Helio A22,8MP,5MP,16.56,5000,Lithium Polymer
XIAOMI,POCO F3 GT 5G,Predator Black,17999,32999,4.3,4709,762,6,128,MediaTek Dimensity 1200,64MP + 8MP + 2MP,16MP,16.94,5065,Lithium
MOTOROLA,MOTOROLA EDGE 30 ULTRA,Starlight White,69999,54999,4.4,1112,213,8,128,Qualcomm Snapdragon 8+ Gen 1,200MP + 50MP + 12MP,60MP,16.94,4610,Lithium
APPLE,APPLE IPHONE 14 PLUS,Midnight,119900,110999,4.7,4110,294,,512,"A Bionic Chip,  Core",12MP + 12MP,12MP,17.02,,
OPPO,OPPO A77,Sky Blue,18999,15499,4.3,345,18,4,64,Mediatek Helio G35,50MP + 2MP,8MP,16.66,5000,Lithium
SAMSUNG,SAMSUNG GALAXY A04E,Copper,11999,9999,4.4,14,2,3,64,Mediatek Helio P35,13MP + 2MP,5MP,16.51,5000,Lithium Ion
APPLE,APPLE IPHONE 14 PRO,Gold,129900,122999,4.7,756,63,,128,"A Bionic Chip,  Core",48MP + 12MP + 12MP + 12MP,12MP,15.49,,
SAMSUNG,SAMSUNG GALAXY A03 CORE,Blue,10499,7999,4,2729,237,2,32,Octa Core,8MP,5MP,16.51,5000,Lithium Ion
NOKIA,NOKIA C01 PLUS,Grey,6999,5199,3.8,4349,376,2,16,Unisoc SC9863A,5MP,2MP,13.84,3000,Lithium Ion
ITEL,ITEL VISION1,Gradation Blue,8299,6999,4.1,25705,2164,3,32,Unisoc SC9863A Octa Core,8MP + 0.3MP,5MP,15.46,4000,Lithium
REALME,REALME GT NEO 3,,45999,42999,4.3,21,3,,,Mediatek Dimensity 8100,50MP + 8MP + 2MP,16MP,17.02,4500,Lithium Ion
SAMSUNG,SAMSUNG GALAXY A04E,Light Blue,14999,11499,4.3,12,0,4,128,Mediatek Helio P35,13MP + 2MP,5MP,16.51,5000,Lithium Ion
REALME,REALME NARZO 30,Racing Blue,16999,15499,4.3,76491,6058,6,128,MediaTek Helio G95,48MP + 2MP + 2MP,16MP,16.51,5000,
XIAOMI,REDMI 9 ACTIV,Carbon Black,10999,9149,4.2,9732,676,4,64,Mediatek Helio G35,13MP + 2MP,5MP,16.59,5000,Lithium Polymer
REALME,REALME 9 5G SE,Starry Glow,24999,19999,4.4,26850,2216,6,128,Qualcomm Snapdragon 778G,48MP + 2MP + 2MP,16MP,16.76,5000,Lithium Polymer
LAVA,LAVA BLAZE PRO,Glass Orange,12999,10260,4.4,228,58,4,64,Mediatek G37 Octa Core,50MP,8MP,16.51,5000,Lithium Polymer
TECNO,TECNO SPARK GO 2022,Iris Purple,17999,6990,4.3,818,57,2,32,,13MP,,16.56,5000,
TECNO,TECNO SPARK GO 2022,Atlantic Blue,17999,6865,4.3,818,57,2,32,Helio A20,13MP,,16.66,5000,
XIAOMI,REDMI 9I,Sea Blue,9999,7499,4.3,577272,33908,4,64,MediaTek Helio G25,13MP,5MP,16.59,5000,Lithium Polymer
SAMSUNG,SAMSUNG GALAXY A14 5G,Light Green,22999,20999,4,93,11,8,128,SEC S5E8535 (Exynos 1330),50MP + 2MP,13MP,16.76,5000,Lithium Ion
SAMSUNG,SAMSUNG GALAXY A03 CORE,Bronze,10499,6569,4,2729,237,2,32,,8MP,5MP,16.51,5000,
TECNO,TECNO SPARK 9,Sky Mirror,11499,8749,4.2,440,26,4,64,MediaTek Helio G37,13MP,8MP,16.76,5000,
REALME,REALME C21Y,Cross Blue,10999,10499,4.5,254314,9538,4,64,Unisoc T610,13MP + 2MP + 2MP,5MP,16.51,5000,
IQOO,IQOO NEO 6 5G,Cyber Rage,34990,29990,4.4,1010,125,8,128,,64MP,,16.81,4700,
APPLE,APPLE IPHONE 14 PRO MAX,Gold,139900,127999,4.7,769,65,,128,"A Bionic Chip,  Core",48MP + 12MP + 12MP + 12MP,12MP,17.02,,
SAMSUNG,SAMSUNG GALAXY F22,Denim Blue,14999,11499,4.3,102798,9876,4,64,MediaTek Helio G80,48MP + 8MP + 2MP + 2MP,13MP,16.26,6000,Lithium Ion
REALME,REALME 8,Cyber Silver,17999,16999,4.4,121725,9954,6,128,MediaTek Helio G95,64MP + 8MP + 2MP + 2MP,16MP,16.26,5000,
XIAOMI,REDMI A1+,Light Blue,9999,7499,4.1,656,46,2,32,Mediatek Helio A22,8MP,5MP,16.56,5000,Lithium Polymer
ITEL,ITEL A27,Deep Gray,17999,5299,4,807,55,2,32,,2MP,,13.84,4000,
XIAOMI,REDMI NOTE 10S,Deep Sea Blue,20999,16499,4.2,7397,681,8,128,Mediatek Helio G95,64MP + 8MP + 2MP + 2MP,13MP,16.33,5000,Lithium Polymer
OPPO,OPPO A16,Crystal Black,15990,12990,4.3,3846,275,4,64,MediaTek Helio G35,13MP,8MP,16.56,5000,
LAVA,LAVA Z2 MAX,Stroked Blue,8449,7799,4.1,301,55,2,32,MediaTek Helio Quad Core,13MP + 2MP,8MP,17.78,6000,Lithium Polymer
REALME,REALME NARZO 50 5G,Hyper Blue,17999,14535,4.3,31,2,,64,,48MP,,16.76,5000,
APPLE,APPLE IPHONE 14 PRO,Deep Purple,129900,122999,4.7,756,63,,128,"A Bionic Chip,  Core",48MP + 12MP + 12MP + 12MP,12MP,15.49,,
SAMSUNG,SAMSUNG GALAXY A13,Peach,18490,14999,4.1,738,49,4,64,Exynos Octa Core,50MP + 5MP + 2MP + 2MP,8MP,16.76,5000,Lithium Ion
XIAOMI,REDMI NOTE 11 PRO PLUS 5G,Stealth Black,24999,20995,4.2,5903,493,6,128,,108MP,,16.94,5000,
VIVO,VIVO Y21A,Midnight Blue,17990,13489,4.3,1867,140,4,64,Mediatek Helio P22,13MP + 2MP,8MP + 8MP Dual,16.54,5000,
XIAOMI,REDMI NOTE 10S,Frost White,20999,16499,4.2,7397,681,8,128,Mediatek Helio G95,64MP + 8MP + 2MP + 2MP,13MP,16.33,5000,Lithium Polymer
REALME,REALME NARZO 50 5G,Hyper Black,19999,17899,4.3,35,1,6,128,,48MP,,16.76,5000,
OPPO,OPPO A16,Royal Gold,15990,12990,4.3,3846,275,4,64,MediaTek Helio G35,13MP,8MP,16.56,5000,
SAMSUNG,SAMSUNG GALAXY A13,Green,19990,15999,4.1,738,49,4,128,Exynos Octa Core,50MP + 5MP + 2MP + 2MP,8MP,16.76,5000,Lithium Ion
XIAOMI,REDMI 9A SPORT,Carbon Black,9499,7285,4.2,6199,454,3,32,,13MP,,16.59,5000,
REALME,REALME 9 PRO+ 5G,Midnight Black,29999,26999,4.4,29755,3314,8,128,Mediatek Dimensity 920,50MP + 8MP + 2MP,16MP,16.26,4500,Lithium Ion
REALME,REALME 9 PRO+ 5G,Midnight Black,31999,28999,4.4,29755,3314,8,256,Mediatek Dimensity 920,50MP + 8MP + 2MP,16MP,16.26,4500,Lithium Ion
INFINIX,INFINIX NOTE 12 TURBO,Snowfall,19999,14999,4.2,7857,989,8,128,Mediatek Helio G96,50 MP + 2 MP Depth Lens + AI lens,16MP,17.02,5000,Lithium
OPPO,OPPO A57,Glowing Gold,16990,13999,4.4,2202,106,4,64,Mediatek Helio G35,13MP + 2MP,8MP,16.66,5000,Lithium
SAMSUNG,SAMSUNG GALAXY M53 5G,Emerald Brown,17999,23680,3.6,55,3,6,128,,108MP,,17.02,5000,
XIAOMI,REDMI 11 PRIME,Peppy Purple,16999,13690,3.9,38,2,6,128,,50MP,,16.71,5000,
IQOO,IQOO Z6 LITE 5G,,17999,16994,4.1,645,52,6,,,50MP,,16.97,5000,
MOTOROLA,MOTOROLA G30,Dark Pearl,14999,10999,4.1,36307,3550,4,64,Snapdragon 662,64MP + 8MP + 2MP + 2MP,13MP,16.54,5000,
XIAOMI,XIAOMI 12 PRO 5G,Noir Black,84999,51999,4.2,144,18,,256,Snapdragon@ 8 Gen 1,50MP,,17.09,4600,
REALME,REALME 8 5G,Supersonic Black,16999,16499,4.3,75848,6016,4,128,MediaTek Dimensity 700 (MT6833),48MP + 2MP + 2MP,16MP,16.51,5000,
SAMSUNG,SAMSUNG GALAXY A53,Awesome White,39990,33499,4.2,1369,152,8,128,Exynos Octa Core,64MP + 12MP + 5MP + 5MP,32MP,16.51,5000,Lithium Ion
OPPO,OPPO F21 PRO,Cosmic Black,25999,21999,4.4,2568,188,8,128,,64MP,,16.33,4500,
SAMSUNG,SAMSUNG GALAXY M04,Light Green,13499,10489,4.2,365,27,4,128,MediaTek Helio P35,13MP + 2MP,,16.51,5000,
REALME,REALME NARZO 30,Racing Blue,14999,13499,4.4,106194,8989,4,64,MediaTek Helio G95,48MP + 2MP + 2MP,16MP,16.51,5000,
REALME,REALME 8I,Space Black,15999,13999,4.5,172736,10847,4,64,MediaTek Helio G96,50MP + 2MP + 2MP,16MP,16.76,5000,
IQOO,IQOO Z6 5G,Dynamo Black,17499,17489,4.2,690,49,6,128,,50MP,,16.71,5000,
SAMSUNG,SAMSUNG GALAXY M11,Metallic Blue,12999,9450,4.2,10653,859,3,32,Qualcomm Snapdragon (SDM450-F01) Octa Core,13MP + 5MP + 2MP,8MP,16.26,5000,Lithium Ion
XIAOMI,REDMI 9A,Midnight Black,8499,7746,4.3,21534,1289,2,32,,13MP,,16.59,5000,
LAVA,LAVA Z2,Flame Red,8999,7999,4.1,333,56,3,32,MediaTek Helio G35,13MP + 2MP,8MP,16.55,5000,Lithium Polymer
SAMSUNG,SAMSUNG GALAXY A03 CORE,Onyx,10499,6769,4,2729,237,2,32,,8MP,,16.51,5000,
XIAOMI,REDMI NOTE 10 PRO MAX,Dark Nebula,22999,19999,4.3,16833,1271,6,128,Qualcomm Snapdragon 732G,108MP,16MP,16.94,5020,
XIAOMI,POCO M5,Yellow,15999,11499,4.3,3191,240,4,64,Mediatek Helio G99,50MP + 2MP Depth Sensor + 2MP Macro Sensor,8MP,16.71,5000,Lithium
VIVO,VIVO V21 5G,Sunset Dazzle,32990,27990,4.3,17150,1704,8,128,MediaTek Dimensity 800U,64MP + 8MP + 2MP,44MP,16.36,4000,Lithium Ion
REALME,REALME C25_Y,Metal Grey,13999,11999,4.5,46866,2234,4,128,Unisoc T618,50MP + 2MP + 2MP,8MP,16.51,5000,Lithium Polymer
NOKIA,NOKIA C01 PLUS,Blue,6999,5199,3.8,4349,376,2,16,Unisoc SC9863A,5MP,2MP,13.84,3000,Lithium Ion
XIAOMI,REDMI NOTE 12 5G,Matte Black,19999,17692,4.2,68,8,4,128,,48MP,,16.94,5000,
TECNO,TECNO SPARK 8C,Magnet Black,8248,8199,4.2,454,35,3,64,Unisoc T606,13MP,8MP,16.76,5000,
SAMSUNG,SAMSUNG GALAXY M32 PRIME EDITION,Black,16999,12700,4.3,244,21,4,64,,64MP,,16.26,6000,
SAMSUNG,SAMSUNG GALAXY A04S,Black,15990,13499,4.2,26,2,4,64,Exynos Octa Core,50MP + 50MP + 2MP + 2MP,5MP,16.51,5000,Lithium Ion
TECNO,TECNO SPARK 8T,Atlantic Blue,9850,9499,4.2,425,39,4,64,MediaTek Helio G35,50MP,8MP,16.76,5000,
APPLE,APPLE IPHONE 14 PRO MAX,Space Black,139900,127999,4.7,769,65,,128,"A Bionic Chip,  Core",48MP + 12MP + 12MP + 12MP,12MP,17.02,,
REALME,REALME NARZO 30 PRO 5G,Blade Silver,21999,19999,4.3,28455,2666,8,128,MediaTek Dimensity 800U,48MP + 8MP + 2MP,16MP,16.51,5000,
REALME,REALME NARZO 50 5G,Hyper Black,17990,14774,4.3,31,2,,64,,48MP,,16.76,5000,
XIAOMI,REDMI NOTE 11 PRO,Star blue,22999,18300,4.2,1161,84,6,128,,108MP,,16.94,5000,
SAMSUNG,SAMSUNG GALAXY S22 5G,Phantom Black,17999,57890,4.3,110,16,8,256,Octa Core,50MP + 12MP + 10MP,10MP,15.49,3700,Lithium Ion
XIAOMI,XIAOMI 11LITE NE,Diamond Dazzle,23895,20990,4.2,3346,382,6,128,Qualcomm Snapdragon 778G,64MP + 8MP + 5MP,20MP,16.64,4250,
REALME,REALME GT 2,Paper White,39999,34999,4.3,5990,785,8,128,Qualcomm Snapdragon 888,50MP + 8MP + 2MP,16MP,16.81,5000,Lithium Ion
OPPO,OPPO A16E,Midnight Black,13990,9990,4.3,755,32,3,32,Mediatek Helio P22,13MP,5MP,16.56,4230,
APPLE,APPLE IPHONE 14 PRO MAX,Deep Purple,139900,127999,4.7,769,65,,128,"A Bionic Chip,  Core",48MP + 12MP + 12MP + 12MP,12MP,17.02,,
VIVO,VIVO V23 PRO 5G,Sunshine Gold,41990,38990,4.3,3786,408,8,128,Mediatek Dimensity 1200,108MP + 8MP + 2MP,50MP + 8MP Dual,16.66,4300,Lithium
XIAOMI,REDMI A1+,Light Green,9999,7499,4.1,656,46,2,32,Mediatek Helio A22,8MP,5MP,16.56,5000,Lithium Polymer
REALME,REALME C15,Power Blue,17999,12999,4.4,125111,7187,4,64,Mediatek Helio G35,13MP + 8MP + 2MP + 2MP,8MP,16.56,6000,Lithium Ion
SAMSUNG,SAMSUNG GALAXY F22,Denim Black,16999,13499,4.3,65488,6019,6,128,MediaTek Helio G80,48MP + 8MP + 2MP + 2MP,13MP,16.26,6000,Lithium Ion
VIVO,VIVO V25 5G,Elegant Black,32999,27999,4.3,6847,677,8,128,Mediatek Dimensity 900,64MP + 8MP + 2MP,50MP,16.36,4500,Lithium
IQOO,IQOO Z6 LITE 5G,,15999,14399,4.2,331,23,4,,,50MP,,16.97,5000,
OPPO,OPPO A57,Glowing Black,16990,13999,4.4,2202,106,4,64,Mediatek Helio G35,13MP + 2MP,8MP,16.66,5000,Lithium
MOTOROLA,MOTOROLA E7 POWER,Tahiti Blue,11999,8999,4.1,83852,7443,4,64,MediaTek Helio G25,13MP + 2MP,5MP,16.54,5000,
VIVO,VIVO Y21G,Midnight Blue,17999,12895,4.3,2134,164,4,64,Mediatek MT6769 Helio G70,13MP + 2MP,8MP,16.54,5000,Lithium
VIVO,VIVO Y33T,Mirror Black,17490,17099,4.4,2576,182,8,128,Qualcomm Snapdragon 680,50MP + 2MP + 2MP,16MP,16.71,5000,Lithium
SAMSUNG,SAMSUNG GALAXY A03,Red,17999,8699,4.1,674,43,3,32,Unisoc UMS9230,48MP + 2MP,5MP,16.51,5000,Lithium Ion
TECNO,TECNO POP 5 PRO,Ice Blue,10999,7299,4.2,422,33,3,32,Helio A22,8MP,5MP,16.56,6000,
SAMSUNG,SAMSUNG GALAXY A33,Awesome Peach,33990,27989,4.2,827,91,8,128,Exynos 1280,48MP + 8MP + 5MP + 2MP,13MP,16.26,5000,Lithium Ion
REALME,REALME 9 5G SE,Azure Glow,26999,22999,4.3,2488,231,8,128,Qualcomm Snapdragon 778G,48MP + 2MP + 2MP,16MP,16.76,5000,Lithium Polymer
SAMSUNG,SAMSUNG GALAXY M13,Midnight Blue,14999,10980,4.2,2494,164,4,64,,50MP,,16.76,6000,
MOTOROLA,MOTOROLA G40 FUSION,Dynamic Gray,19999,16499,4.2,56396,6064,6,128,Qualcomm Snapdragon 732G,64MP + 8MP + 2MP,16MP,17.22,6000,
OPPO,OPPO A54,Crystal Black,17990,15990,4.3,4062,229,6,128,MediaTek Helio P35,13MP + 2MP + 2MP,16MP,16.54,5000,Lithium
OPPO,OPPO A54,Starry Blue,17990,15990,4.3,4062,229,6,128,MediaTek Helio P35,13MP + 2MP + 2MP,16MP,16.54,5000,Lithium
APPLE,APPLE IPHONE 11,Yellow,43900,42999,4.6,184191,10818,,64,A Bionic Chip,12MP + 12MP,12MP,15.49,,
APPLE,APPLE IPHONE 12,Red,59900,51999,4.6,186979,12739,,64,A Bionic Chip with Next Generation Neural Engine,12MP + 12MP,12MP,15.49,,
MOTOROLA,MOTO G71 5G,Neptune Green,22999,16999,4.2,22647,2610,6,128,Qualcomm Snapdragon 695,50MP + 8MP + 2MP,16MP,16.26,5000,Lithium
XIAOMI,REDMI NOTE 10S,Shadow Black,20999,16499,4.2,7397,681,8,128,Mediatek Helio G95,64MP + 8MP + 2MP + 2MP,13MP,16.33,5000,Lithium Polymer
SAMSUNG,SAMSUNG GALAXY A73 5G,Awesome Mint,47490,41999,4.2,1392,184,8,128,Qualcomm Snapdragon 778G,108MP + 12MP + 5MP + 5MP,32MP,17.02,5000,Lithium Ion
APPLE,APPLE IPHONE 12 MINI,Red,74900,55999,4.5,125841,10101,,256,A Bionic Chip with Next Generation Neural Engine,12MP + 12MP,12MP,13.72,,
INFINIX,INFINIX NOTE 12 TURBO,Force Black,19999,14999,4.2,7857,989,8,128,Mediatek Helio G96,50 MP + 2 MP Depth Lens + AI lens,16MP,17.02,5000,Lithium
REALME,REALME 9 PRO+ 5G,Aurora Green,27999,24999,4.4,31257,3811,6,128,Mediatek Dimensity 920,50MP + 8MP + 2MP,16MP,16.26,4500,Lithium Ion
INFINIX,INFINIX NOTE 12 TURBO,Jewel Blue,19999,14999,4.2,7857,989,8,128,Mediatek Helio G96,50 MP + 2 MP Depth Lens + AI lens,16MP,17.02,5000,Lithium
SAMSUNG,SAMSUNG GALAXY F12,Sky Blue,12999,10499,4.3,298148,23492,4,64,Exynos 850,48MP + 5MP + 2MP + 2MP,8MP,16.55,6000,Lithium Ion
TECNO,TECNO SPARK 8C,Turquoise Cyan,8240,8140,4.2,454,35,3,64,Unisoc T606,13MP,8MP,16.76,5000,
TECNO,TECNO POVA NEO,Geek Blue,15499,10247,4.1,738,56,6,128,Helio G25,13MP,8MP,17.27,6000,
TECNO,TECNO SPARK 8C,Iris Purple,8948,8799,4.2,103,10,4,64,Unisoc T606,13MP,8MP,16.76,5000,
TECNO,TECNO POVA NEO,Obsidian Black,15499,10790,4.1,738,56,6,128,Helio G25,13MP,8MP,17.27,6000,
REALME,REALME C25S,Watery Grey,17999,11999,4.4,50767,2940,4,128,MediaTek Helio G85,13MP + 2MP + 2MP,8MP,16.51,6000,
SAMSUNG,SAMSUNG GALAXY A04E,Copper,14999,11499,4.3,12,0,4,128,Mediatek Helio P35,13MP + 2MP,5MP,16.51,5000,Lithium Ion
TECNO,TECNO SPARK 8 PRO,Interstellar Black,13499,9798,4.3,144,14,4,64,,48MP,,17.27,5000,
REALME,REALME 9I,Prism Blue,17999,15999,4.5,26434,1569,6,128,Qualcomm Snapdragon 680 (SM6225),50MP + 2MP + 2MP,16MP,16.76,5000,Lithium Ion
LAVA,LAVA Z2C,Aqua Blue,8499,7499,4.1,106,13,2,32,MediaTek Helio G35,13MP + 2MP,,16.55,5000,Lithium Polymer
REALME,REALME 8 5G,Supersonic Blue,16999,16499,4.3,75848,6016,4,128,MediaTek Dimensity 700 (MT6833),48MP + 2MP + 2MP,16MP,16.51,5000,
VIVO,VIVO Y15S,MYSTIC BLUE,9909,9850,4.3,3742,274,3,32,,13MP,,16.54,5000,
XIAOMI,REDMI A1,Black,17999,6350,4.3,4176,218,2,32,,5MP,,16.56,5000,
XIAOMI,POCO M4 PRO,Power Black,19999,16499,4.3,150352,13531,6,128,Mediatek Helio G96,64MP + 8MP + 2MP,16MP,16.33,5000,Lithium
REALME,REALME GT 2,Paper White,44999,38999,4.3,1226,161,,256,Qualcomm Snapdragon 888,50MP + 8MP + 2MP,16MP,16.81,5000,Lithium Ion
XIAOMI,REDMI NOTE 10T 5G,Metallic Blue,16999,12999,4.3,44860,3240,4,64,Mediatek Dimensity 700,48MP Primary Camera + 2MP Macro Lens + 2MP Depth Sensor,8MP,16.66,5000,Lithium Polymer
SAMSUNG,SAMSUNG GALAXY M13,Midnight Blue,17999,10670,4.2,2494,164,4,64,,50MP,,16.76,6000,
XIAOMI,XIAOMI 11LITE NE,Vinyl Black,24298,23579,4.2,1616,168,8,128,Qualcomm Snapdragon 778G,64MP + 8MP + 5MP,20MP,16.64,4250,
REALME,REALME NARZO 50 5G,Hyper Blue,18990,15380,4.3,31,2,4,128,,48MP,,16.76,5000,
INFINIX,INFINIX SMART HD 2021,Topaz Blue,7999,6499,4.3,66389,4304,2,32,MediaTek Helio A20,8MP,5MP,15.49,5000,Lithium
OPPO,OPPO A54,Moonlight Gold,15990,13990,4.4,10938,676,4,128,MediaTek Helio P35,13MP + 2MP + 2MP,16MP,16.54,5000,Lithium
OPPO,OPPO A54,Crystal Black,15990,14990,4.4,10938,676,4,128,MediaTek Helio P35,13MP + 2MP + 2MP,16MP,16.54,5000,Lithium
SAMSUNG,SAMSUNG GALAXY A33,Awesome Blue,33990,27499,4.2,827,91,8,128,Exynos 1280,48MP + 8MP + 5MP + 2MP,13MP,16.26,5000,Lithium Ion
LAVA,LAVA BEU,ROSE PINK,7777,5960,4,469,53,2,32,,13MP,,15.44,4060,
MARQ,MARQ BY FLIPKART M3 SMART,,7999,5499,3.8,1288,215,2,,Octa Core,13MP + Digital Camera,5MP,15.46,5000,Lithium
APPLE,APPLE IPHONE 13 PRO,Silver,149900,122999,4.6,1421,121,,512,A Bionic Chip,12MP + 12MP + 12MP,12MP,15.49,,
INFINIX,INFINIX NOTE 11S,Haze Green,16999,13999,4.3,11981,1580,6,64,MediaTek Helio G96,50 MP + 2 MP Depth Lens + 2 MP Macro Lens,16MP,17.65,5000,Lithium
INFINIX,INFINIX NOTE 11S,Mithril Grey,16999,13999,4.3,11981,1580,6,64,MediaTek Helio G96,50 MP + 2 MP Depth Lens + 2 MP Macro Lens,16MP,17.65,5000,Lithium
VIVO,VIVO Y16,Steller Black,13999,10799,4.3,1418,86,3,32,Mediatek Helio P35,13MP + 2MP,5MP,16.54,5000,Lithium
OPPO,OPPO A77,Sky Blue,19999,15999,4.3,345,18,4,128,Mediatek Helio G35,50MP + 2MP,8MP,16.66,5000,Lithium
OPPO,OPPO A77,Sunset Orange,19999,15999,4.3,345,18,4,128,Mediatek Helio G35,50MP + 2MP,8MP,16.66,5000,Lithium
INFINIX,INFINIX NOTE 11,Graphite Black,16999,14499,4.2,10807,1256,6,128,Mediatek Helio G88,50 MP + 2 MP Depth Lens + AI Lens,16MP,17.02,5000,Lithium
INFINIX,INFINIX NOTE 11,Celestial Snow,16999,14499,4.2,10807,1256,6,128,Mediatek Helio G88,50 MP + 2 MP Depth Lens + AI Lens,16MP,17.02,5000,Lithium
INFINIX,INFINIX NOTE 11,Glacier Green,16999,14499,4.2,10807,1256,6,128,Mediatek Helio G88,50 MP + 2 MP Depth Lens + AI Lens,16MP,17.02,5000,Lithium
XIAOMI,POCO M4 PRO,Power Black,17999,14999,4.3,150352,13531,6,64,Mediatek Helio G96,64MP + 8MP + 2MP,16MP,16.33,5000,Lithium
REALME,REALME 6 PRO,Lightning Orange,17999,17999,4.4,61057,6545,6,64,Snapdragon 720G,64MP + 12MP + 8MP + 2MP,16MP + 8MP Dual,16.76,4300,
ITEL,ITEL A27,Silver Purple,7999,5169,4,807,55,2,32,Unisoc 9832E,2MP,2MP,13.84,4000,Lithium Ion
SAMSUNG,SAMSUNG GALAXY A33,Awesome Black,32990,25999,4.1,1776,172,6,128,Exynos 1280,48MP + 8MP + 5MP + 2MP,13MP,16.26,5000,Lithium Ion
VIVO,VIVO Y16,Drizzling Gold,13999,10699,4.3,1418,86,3,64,Mediatek Helio P35,13MP + 2MP,5MP,16.54,5000,Lithium
XIAOMI,XIAOMI 11LITE NE,Vinyl Black,29990,21990,4.2,3346,382,6,128,Qualcomm Snapdragon 778G,64MP + 8MP + 5MP,20MP,16.64,4250,
XIAOMI,REDMI NOTE 10T 5G,Metallic Blue,17999,12788,4.3,44860,3240,4,64,Mediatek Dimensity 700,48MP Primary Camera + 2MP Macro Lens + 2MP Depth Sensor,8MP,16.66,5000,Lithium Polymer
SAMSUNG,SAMSUNG GALAXY M32,Black,16999,12090,4.2,4421,444,4,64,,64MP,,16.26,6000,
SAMSUNG,SAMSUNG GALAXY M13,Midnight Blue,10595,10499,4.2,2494,164,4,64,,50MP,,16.76,6000,
VIVO,VIVO V25 5G,Surfing Blue,17999,28989,4.3,6847,677,8,128,Mediatek Dimensity 900,64MP + 8MP + 2MP,50MP,16.36,4500,Lithium
SAMSUNG,SAMSUNG GALAXY F42 5G,Matte Aqua,25999,22999,4.1,6058,597,8,128,MediaTek Dimensity 700,64MP + 5MP + 2MP,8MP,16.76,5000,Lithium Ion
VIVO,VIVO Y15C,Wave Green,9976,9949,4.2,1149,81,3,32,Mediatek Helio P35,13MP + 2MP,8MP,16.54,5000,Lithium
OPPO,OPPO A31,Mystery Black,15990,14180,4.3,29727,1866,6,128,MediaTek Helio P35 Octa Core,12MP + 2MP + 2MP,8MP,16.51,4230,
XIAOMI,REDMI NOTE 11 PRO,Stealth Black,17999,17490,4.2,1161,84,6,128,,108MP,,16.94,5000,
XIAOMI,POCO M3 PRO 5G,Yellow,17999,17999,4.2,53487,4495,6,128,MediaTek Dimensity 700,48MP + 2MP + 2MP,8MP,16.51,5000,Lithium
XIAOMI,REDMI NOTE 11 PRO,Phantom White,24999,20499,4.1,691,48,8,128,,108MP,,16.94,5000,
SAMSUNG,SAMSUNG GALAXY S20 FE 5G,Cloud Lavender,74990,31390,4.1,95,8,8,128,,32MP,,16.51,4500,
SAMSUNG,SAMSUNG GALAXY A13,Black,19990,15999,4.1,738,49,4,128,Exynos Octa Core,50MP + 5MP + 2MP + 2MP,8MP,16.76,5000,Lithium Ion
OPPO,OPPO A16E,Midnight Black,15990,11400,4.2,1601,75,4,64,Mediatek Helio P22,13MP,5MP,16.56,4230,
OPPO,OPPO A16E,Blue,15990,11400,4.2,1601,75,4,64,Mediatek Helio P22,13MP,5MP,16.56,4230,
TECNO,TECNO SPARK 8P,Iris Purple,17999,9239,4,25,1,4,64,MediaTek Helio G85,50MP + 2MP,8MP,16.76,5000,
OPPO,OPPO A74 5G,Fantastic Purple,18490,17089,4.3,1129,107,6,128,,48MP + 2MP + 2MP,8MP,16.48,5000,
INFINIX,INFINIX HOT 11 2022,Polar Black,12999,9999,4.2,17054,1398,4,64,UniSoc T610,13 MP + 2 MP Depth Lens,8MP,17.02,5000,Lithium
APPLE,APPLE IPHONE 13,Pink,99900,87999,4.7,190651,10468,,512,A Bionic Chip,12MP + 12MP,12MP,15.49,,
XIAOMI,REDMI 9 ACTIV,Metallic Purple,17999,8981,4.2,9732,676,4,64,,13MP,,16.59,5000,
OPPO,OPPO F21S PRO 5G,Dawnlight Gold,31999,24990,4.2,359,27,8,128,,64MP + 64MP + 2MP + 2MP,16MP Dual,16.33,4500,
XIAOMI,POCO F1,Rosso Red,17999,21999,4.5,244108,30022,6,64,Qualcomm Snapdragon 845,12MP + 5MP,20MP,15.7,4000,Lithium Polymer
OPPO,OPPO A 78 5G,Black,21999,19595,0,0,0,8,128,,50MP,,16.66,5000,
APPLE,APPLE IPHONE 14 PRO,Space Black,129900,122999,4.7,756,63,,128,"A Bionic Chip,  Core",48MP + 12MP + 12MP + 12MP,12MP,15.49,,
MOTOROLA,MOTOROLA G51 5G,Bright Silver,17999,12999,4.1,17217,2113,4,64,Qualcomm Snapdragon 480 Pro,50MP + 8MP + 2MP,13MP,17.27,5000,Lithium Polymer
MOTOROLA,MOTOROLA EDGE 20 FUSION 5G,Electric Graphite,24999,18999,4,19791,2662,6,128,MediaTek Dimensity 800U,108MP + 8MP + 2MP,32MP,16.94,5000,
REALME,REALME NARZO 30 5G,Racing Blue,17999,16999,4.3,84648,7375,6,128,MediaTek Dimensity 700 (MT6833),48MP + 2MP + 2MP,16MP,16.51,5000,
REALME,REALME GT NEO 3,Asphalt Black,41999,38999,4.1,832,136,8,256,Mediatek Dimensity 8100,50MP + 8MP + 2MP,16MP,17.02,5000,Lithium Ion
SAMSUNG,SAMSUNG GALAXY S20 FE 5G,Cloud Navy,66999,29990,4.1,95,8,8,128,,12MP,,16.51,4500,
VIVO,VIVO Y01A,Sapphire Blue,12999,7999,4.1,42,3,2,32,Mediatek Helio P35,8MP,5MP,16.54,5000,
VIVO,VIVO X80,Urban Blue,59999,54999,4.5,741,144,8,128,Mediatek Dimensity 9000,50MP + 12MP + 12MP,32MP,17.22,4500,Lithium
XIAOMI,REDMI GO,Black,17999,5999,4.3,167688,13179,1,8,Qualcomm Snapdragon 425,8MP,5MP,12.7,3000,Lithium Polymer
XIAOMI,REDMI K50I,Phantom Blue,35999,26480,4.3,326,45,8,256,,64MP,,16.76,5080,
SAMSUNG,SAMSUNG GALAXY A04S,Copper,15990,12340,4.2,26,2,4,64,Exynos Octa Core,50MP + 50MP + 2MP + 2MP,5MP,16.51,5000,Lithium Ion
TECNO,TECNO SPARK GO 2021,Horizon Orange,17999,7689,4.2,826,54,2,32,,13MP,,16.56,5000,
XIAOMI,REDMI NOTE 11 PRO,Star blue,17999,18990,4.2,1161,84,6,128,,108MP,,16.94,5000,
REALME,REALME 9 PRO+ 5G,Sunrise Blue,31999,28999,4.4,29755,3314,8,256,Mediatek Dimensity 920,50MP + 8MP + 2MP,16MP,16.26,4500,Lithium Ion
REALME,REALME 9I,Prism Black,16999,14999,4.5,124865,7409,4,128,Qualcomm Snapdragon 680 (SM6225),50MP + 2MP + 2MP,16MP,16.76,5000,Lithium Ion
REALME,REALME 9 PRO+ 5G,Aurora Green,31999,28999,4.4,29755,3314,8,256,Mediatek Dimensity 920,50MP + 8MP + 2MP,16MP,16.26,4500,Lithium Ion
REALME,REALME C11,Rich Green,17999,8999,4.4,459210,29491,2,32,Mediatek Helio G35,13MP + 2MP,5MP,16.51,5000,
APPLE,APPLE IPHONE 12,Black,74900,66999,4.6,186979,12739,,256,A Bionic Chip with Next Generation Neural Engine,12MP + 12MP,12MP,15.49,,
LAVA,LAVA Z2,Aqua Blue,8999,7999,4.1,333,56,3,32,MediaTek Helio G35,13MP + 2MP,8MP,16.55,5000,Lithium Polymer
XIAOMI,POCO M4 PRO 5G,Power Black,16999,14999,4.3,39955,3495,4,64,Mediatek Dimensity 810,50MP + 8MP,16MP,16.76,5000,Lithium
TECNO,TECNO SPARK 8C,Magnet Black,9145,9135,4.2,103,10,4,64,Unisoc T606,13MP,8MP,16.76,5000,
XIAOMI,REDMI NOTE 7S,Onyx Black,17999,13999,4.4,422214,34039,4,64,Qualcomm Snapdragon 660 AIE,48MP + 5MP,13MP,16,4000,
OPPO,OPPO A55,Rainbow Blue,17999,14499,4.3,748,65,4,64,MediaTek Helio G35,50MP + 2MP + 2MP,16MP,16.54,5000,Lithium
APPLE,APPLE IPHONE 14 PLUS,Purple,119900,110999,4.7,4110,294,,512,"A Bionic Chip,  Core",12MP + 12MP,12MP,17.02,,
VIVO,VIVO Y33T,Mid day dream,22990,17989,4.4,2576,182,8,128,Qualcomm Snapdragon 680,50MP + 2MP + 2MP,16MP,16.71,5000,Lithium
REALME,REALME 8,Cyber Silver,16999,15999,4.4,121931,10687,4,128,MediaTek Helio G95,64MP + 8MP + 2MP + 2MP,16MP,16.26,5000,
INFINIX,INFINIX ZERO 5G,Horizon Blue,24999,19999,4.2,10272,1546,8,128,Mediatek Dimensity 900,48 MP + 13 MP Portrait Lens + 2 MP Bokeh Lens,16MP,17.22,5000,Lithium
SAMSUNG,SAMSUNG GALAXY S23 PLUS 5G,Cream,116999,94999,4.1,10,3,8,256,Qualcomm Snapdragon 8 Gen 2,50MP + 10MP + 12MP,12MP,16.76,4700,Lithium Ion
SAMSUNG,SAMSUNG GALAXY F41,Fusion Black,20999,14499,4.3,393417,42174,6,128,Exynos 9611,64MP + 8MP + 5MP,32MP,16.26,6000,Lithium Ion
OPPO,OPPO A78 5G,Glowing Blue,21999,19428,4.1,17,1,8,128,,13MP,,16.66,5000,
APPLE,APPLE IPHONE 12,Green,74900,66999,4.6,186979,12739,,256,A Bionic Chip with Next Generation Neural Engine,12MP + 12MP,12MP,15.49,,
XIAOMI,REDMI NOTE 11 PRO PLUS 5G,PHANTOM WHITE,17999,28999,4.2,2904,259,8,256,,108MP,,16.94,5000,
REALME,REALME NARZO 30,Racing Silver,16999,15499,4.3,76491,6058,6,128,MediaTek Helio G95,48MP + 2MP + 2MP,16MP,16.51,5000,
REALME,REALME GT NEO 3T,Dash Yellow,34999,29999,4.3,12124,1413,6,128,Qualcomm Snapdragon 870,64MP + 8MP + 2MP,16MP,16.81,5000,Lithium Ion
REALME,REALME GT NEO 3T,Shade Black,36999,31999,4.3,7524,851,8,128,Qualcomm Snapdragon 870,64MP + 8MP + 2MP,16MP,16.81,5000,Lithium Ion
IQOO,IQOO NEO 6 5G,Cyber Rage,17999,34439,4.4,400,52,,256,,64MP + 64MP + 8MP + 2MP,16MP + 16MP Dual,16.81,4700,
REALME,REALME GT NEO 3T,Dash Yellow,38999,33999,4.3,7524,851,8,256,Qualcomm Snapdragon 870,64MP + 8MP + 2MP,16MP,16.81,5000,Lithium Ion
I KALL,I KALL 401 PRO DARK BLUE,Dark Blue,6999,6499,3.6,52,2,4,64,Mediatek,13MP,,15.9,4000,
REALME,REALME GT NEO 3T,Drifting White,38999,33999,4.3,7524,851,8,256,Qualcomm Snapdragon 870,64MP + 8MP + 2MP,16MP,16.81,5000,Lithium Ion
REALME,REALME GT NEO 3T,Shade Black,38999,33999,4.3,7524,851,8,256,Qualcomm Snapdragon 870,64MP + 8MP + 2MP,16MP,16.81,5000,Lithium Ion
REALME,REALME GT NEO 3T,Shade Black,34999,29999,4.3,12124,1413,6,128,Qualcomm Snapdragon 870,64MP + 8MP + 2MP,16MP,16.81,5000,Lithium Ion
REALME,REALME GT NEO 3T,Drifting White,34999,29999,4.3,12124,1413,6,128,Qualcomm Snapdragon 870,64MP + 8MP + 2MP,16MP,16.81,5000,Lithium Ion
ITEL,ITEL A27,Crystal Blue,6999,5175,4,807,55,2,32,Unisoc 9832E,2MP,2MP,13.84,4000,Lithium Ion
ITEL,ITEL A27,Deep Grey,6999,5149,4,807,55,2,32,Unisoc 9832E,2MP,2MP,13.84,4000,Lithium Ion
OPPO,OPPO F21SPRO,Orange,22929,20880,4.3,32,0,8,128,,64MP + 2MP,32MP + 2MP Dual,16.33,4500,
XIAOMI,POCO M2 PRO,Green and Greener,17999,19999,4.4,350744,33202,6,128,Qualcomm Snapdragon 720G,48MP + 8MP + 5MP + 2MP,16MP,16.94,5000,Lithium
SAMSUNG,SAMSUNG GALAXY A23,Blue,17999,19990,4.3,478,35,8,128,Octa-core(EXYNOS),50MP,8MP,16.76,5000,Lithium Ion
MICROMAX,MICROMAX BHARAT 2 PLUS,Champagne,17999,3599,3.3,6917,752,1,8,SC9832,5MP,2MP,10.16,1600,Lithium Ion
MOTOROLA,MOTOROLA EDGE 30 ULTRA,Interstellar Black,69999,54999,4.4,1112,213,8,128,Qualcomm Snapdragon 8+ Gen 1,200MP + 50MP + 12MP,60MP,16.94,4610,Lithium
XIAOMI,REDMI 6,Gold,17999,8999,4.4,559353,40463,3,32,2.0 GHz Mediatek P22 Octacore,12MP + 5MP,5MP,13.84,3000,Lithium Polymer
SAMSUNG,SAMSUNG GALAXY S23 PLUS 5G,Phantom Black,116999,94999,4.1,10,3,8,256,Qualcomm Snapdragon 8 Gen 2,50MP + 10MP + 12MP,12MP,16.76,4700,Lithium Ion
REALME,REALME 9 PRO+ 5G,Sunrise Blue,29999,26999,4.4,29755,3314,8,128,Mediatek Dimensity 920,50MP + 8MP + 2MP,16MP,16.26,4500,Lithium Ion
SAMSUNG,SAMSUNG GALAXY F12,Sky Blue,13999,11499,4.3,298148,23492,4,128,Exynos 850,48MP + 5MP + 2MP + 2MP,8MP,16.55,6000,Lithium Ion
REALME,REALME 3I,Diamond Blue,10999,10499,4.4,80034,6607,4,64,MediaTek Helio P60 Octa Core 2.0 GHz,13MP + 2MP,13MP,15.8,4230,
XIAOMI,POCO M2 RELOADED,Greyish Black,17999,11999,4.3,66978,4602,4,64,MediaTek Helio G80,13MP + 8MP + 5MP + 2MP,8MP,16.59,5000,Lithium Polymer
INFINIX,INFINIX HOT 11 2022,Aurora Green,12999,9999,4.2,17054,1398,4,64,UniSoc T610,13 MP + 2 MP Depth Lens,8MP,17.02,5000,Lithium
IQOO,IQOO NEO 6 5G,Cyber Rage,17999,29999,4.4,1010,125,8,128,,64MP,,16.81,4700,
REALME,REALME C15,Power Silver,17999,11999,4.3,56326,3840,3,32,Mediatek Helio G35,13MP + 8MP + 2MP + 2MP,8MP,16.56,6000,Lithium Ion
MOTOROLA,MOTO C PLUS,Starry Black,17999,6999,4.2,365540,53824,2,16,Mediatek MTK6737 Quad Core 1.3Ghz,8MP,2MP,12.7,4000,
MOTOROLA,MOTO C PLUS,Fine Gold,17999,6999,4.2,365540,53824,2,16,Mediatek MTK6737 Quad Core 1.3Ghz,8MP,2MP,12.7,4000,
APPLE,APPLE IPHONE 14 PLUS,Starlight,119900,110999,4.7,4110,294,,512,"A Bionic Chip,  Core",12MP + 12MP,12MP,17.02,,
XIAOMI,REDMI NOTE 10S,Deep Sea Blue,18999,16499,4.4,84168,5715,6,128,Mediatek Helio G95,64MP + 8MP + 2MP + 2MP,13MP,16.33,5000,Lithium Polymer
APPLE,APPLE IPHONE 14 PRO,Space Black,139900,132999,4.7,756,63,,256,"A Bionic Chip,  Core",48MP + 12MP + 12MP + 12MP,12MP,15.49,,
XIAOMI,REDMI 10 PRIME,Phantom Black,14999,11180,3.9,26,3,4,64,,8MP,,16.51,6000,
XIAOMI,XIAOMI 11LITE NE,Jazz Blue,25490,22990,4.2,1616,168,8,128,Qualcomm Snapdragon 778G,64MP + 8MP + 5MP,20MP,16.64,4250,
XIAOMI,REDMI NOTE 11 PRO PLUS 5G,Mirage Blue,26499,23700,4.2,2904,259,8,128,,108MP,,16.94,5000,
APPLE,APPLE IPHONE 12 MINI,Black,74900,55999,4.5,125841,10101,,256,A Bionic Chip with Next Generation Neural Engine,12MP + 12MP,12MP,13.72,,
REALME,REALME GT NEO 3,Asphalt Black,38999,36999,4.1,832,136,8,128,Mediatek Dimensity 8100,50MP + 8MP + 2MP,16MP,17.02,5000,Lithium Ion
TECNO,TECNO SPARK 9,Sky Mirror,9498,8549,3.9,43,2,3,64,MediaTek Helio G37,13MP,8MP,16.76,5000,
SAMSUNG,SAMSUNG GALAXY S23 ULTRA 5G,Phantom Black,149999,124999,3.6,33,3,,256,Qualcomm Snapdragon 8 Gen 2,200MP + 10MP + 12MP + 10MP,12MP,17.27,5000,Lithium Ion
XIAOMI,REDMI 11 PRIME,Peppy Purple,13999,11463,4.2,83,6,4,64,,50MP,,16.71,5000,
OPPO,OPPO RENO8 PRO 5G,Glazed Black,52999,45999,4.4,2268,275,,256,Mediatek Dimensity 8100 Max,50MP + 8MP + 2MP,32MP,17.02,4500,Lithium
INFINIX,INFINIX HOT 11S,Polar Black,13999,10999,4.3,49358,5250,4,64,MediaTek Helio G88,50MP + 2MP + AI Lens,8MP,17.22,5000,Lithium
SAMSUNG,SAMSUNG GALAXY A53,Awesome Blue,38990,31999,4,655,73,6,128,Exynos Octa Core,64MP + 12MP + 5MP + 5MP,32MP,16.51,5000,Lithium Ion
APPLE,APPLE IPHONE 14,Blue,109900,101999,4.7,16010,686,,512,"A Bionic Chip,  Core",12MP + 12MP,12MP,15.49,,
OPPO,OPPO A17K,Gold,12999,9370,4.5,687,15,3,64,MTK Helio G35,8MP,5MP,16.66,5000,
ONEPLUS,ONEPLUS 10R 5G,Sierra Black,42999,37599,4.2,1070,78,,256,,50MP,,17.02,5000,
OPPO,OPPO A15S,Dynamic Black,11389,10285,4.3,5645,306,4,64,,13MP,,16.56,4230,
SAMSUNG,SAMSUNG GALAXY A04,Copper,15999,12999,3.8,13,2,4,128,Mediatek Helio P35,50MP + 2MP,5MP,16.51,5000,Lithium Ion
XIAOMI,REDMI NOTE 9,Shadow Black,16499,14819,4.3,123832,9424,4,128,MediaTek Helio G85,48MP + 8MP + 2MP + 2MP,13MP,16.59,5020,
XIAOMI,POCO X2,Matrix Purple,17999,20999,4.5,60874,6988,8,256,Qualcomm Snapdragon 730G,64MP + 8MP + 2MP + 2MP,20MP + 2MP Dual,16.94,4500,Lithium
SAMSUNG,SAMSUNG GALAXY A13,Blue,19990,15999,4.1,738,49,4,128,Exynos Octa Core,50MP + 5MP + 2MP + 2MP,8MP,16.76,5000,Lithium Ion
OPPO,OPPO A74 5G BLACK,Fluid Black,20990,17397,4.3,1803,140,6,128,,48MP + 2MP + 2MP,8MP,16.48,5000,
I KALL,I KALL Z20 PRO,Black,10499,7999,0,0,0,4,64,,8MP,,16.51,5000,
XIAOMI,MI 11X PRO 5G,Celestial Silver,44999,34999,4,450,34,8,128,Qualcomm Snapdragon 888,108MP + 8MP + 5MP,20MP,16.94,4520,
XIAOMI,REDMI NOTE 9 PRO,Interstellar Black,17999,14450,4.3,26761,1830,4,64,Qualcomm® Snapdragon™ 720G,48MP + 8MP + 5MP + 2MP,16MP,16.94,5020,
APPLE,APPLE IPHONE 12 MINI,Blue,74900,55999,4.5,125841,10101,,256,A Bionic Chip with Next Generation Neural Engine,12MP + 12MP,12MP,13.72,,
APPLE,APPLE IPHONE 14 PRO,Deep Purple,139900,132999,4.7,756,63,,256,"A Bionic Chip,  Core",48MP + 12MP + 12MP + 12MP,12MP,15.49,,
OPPO,OPPO A96,Starry Black,23999,17999,4.3,973,94,8,128,Qualcomm Snapdragon 680,50MP + 2MP,16MP,16.74,5000,Lithium Ion
SAMSUNG,SAMSUNG GALAXY F23 5G,Copper Blush,18999,15990,4.3,157763,12636,6,128,,50MP,,16.76,5000,
XIAOMI,REDMI 8,Sapphire Blue,10999,10749,4.4,942649,66962,4,64,Qualcomm Snapdragon 439,12MP + 2MP,8MP,15.8,5000,
IQOO,IQOO 9T 5G,LEGEND,17999,49499,4,46,7,8,128,,50MP,,17.22,4700,
INFINIX,INFINIX HOT 11S,Green Wave,13999,10999,4.3,49358,5250,4,64,MediaTek Helio G88,50MP + 2MP + AI Lens,8MP,17.22,5000,Lithium
SAMSUNG,SAMSUNG GALAXY Z FLIP3 5G,Phantom Black,95999,69999,4.4,1876,144,8,128,Qualcomm Snapdragon 888 Octa-Core,12MP + 12MP,10MP,17.02,3300,Lithium Ion
XIAOMI,REDMI 9 ACTIV,Metallic Purple,17999,11499,4.2,5042,335,6,128,Mediatek Helio G35,13MP + 2MP,5MP,16.59,5000,Lithium Polymer
APPLE,APPLE IPHONE 14 PRO MAX,Silver,139900,127999,4.7,769,65,,128,"A Bionic Chip,  Core",48MP + 12MP + 12MP + 12MP,12MP,17.02,,
REALME,REALME X50 PRO,Moss Green,17999,47999,4.4,1639,185,,256,,64MP + 12MP + 8MP + 2MP,32MP + 8MP Dual,16.36,4200,
REALME,REALME X50 PRO,Moss Green,17999,41999,4.4,8689,1232,8,128,,64MP + 12MP + 8MP + 2MP,32MP + 8MP Dual,16.36,4200,
NOKIA,NOKIA C21 PLUS,Warm Grey,12999,10499,3.8,114,16,4,64,Octa Core,13MP + 2MP,5MP,16.69,5050,Lithium Polymer
IQOO,IQOO 9T 5G,LEGEND,17999,49499,4,46,7,8,128,,50MP,,17.22,4700,
APPLE,APPLE IPHONE 12,Red,74900,66999,4.6,186979,12739,,256,A Bionic Chip with Next Generation Neural Engine,12MP + 12MP,12MP,15.49,,
SAMSUNG,SAMSUNG GALAXY S22 PLUS 5G,Green,101999,69999,4.5,2366,266,8,128,Qualcomm Snapdragon 8 Gen 1,50MP + 12MP + 10MP,10MP,16.76,4500,Lithium Ion
VIVO,VIVO V25 5G,Surfing Blue,36999,31999,4.3,1448,158,,256,Mediatek Dimensity 900,64MP + 8MP + 2MP,50MP,16.36,4500,Lithium
XIAOMI,MI 11 LITE,Vinyl Black,25999,23999,4.2,6022,611,8,128,Qualcomm Snapdragon 732G,64MP + 8MP + 5MP,16MP,16.64,4250,Lithium Polymer
XIAOMI,REDMI NOTE 10S,Shadow Black,16999,12999,4.4,84168,5715,6,64,Mediatek Helio G95,64MP + 8MP + 2MP + 2MP,13MP,16.33,5000,Lithium Polymer
SAMSUNG,SAMSUNG GALAXY A03,Red,14499,11499,4.2,179,14,4,64,Unisoc UMS9230,48MP + 2MP,5MP,16.51,5000,Lithium Ion
XIAOMI,XIAOMI 11I 5G,Purple Mist,29999,24999,4.2,37768,4638,6,128,Mediatek Dimensity 920,108MP,16MP,16.94,5160,Lithium Polymer
ITEL,ITEL A23 PRO,Lake Blue,17999,4199,3.7,4783,390,1,8,Unisoc 9832E Quad Core,2MP,,12.7,2400,Lithium Ion
ITEL,ITEL A25,Gradation Green,17999,4889,3.9,1096,102,1,16,Cortex A53 architecture (Quad core),5MP,2MP,12.7,3020,
XIAOMI,XIAOMI 12 PRO 5G,Couture Blue,79990,46990,4.1,134,21,8,256,Snapdragon@ 8 Gen 1,50MP,,17.09,4600,
XIAOMI,REDMI NOTE 5 PRO,Gold,17999,14999,4.5,1171704,122453,4,64,Qualcomm Snapdragon 636,12MP + 5MP,20MP,15.21,4000,Lithium Polymer
XIAOMI,REDMI 8A DUAL,Sky White,17999,7499,4.3,57135,4170,2,32,Qualcomm Snapdragon 439,13MP + 2MP,8MP,15.8,5000,Lithium Polymer
XIAOMI,POCO C3,Matte Black,17999,8490,4.3,398759,26507,3,32,Mediatek Helio G35,13MP + 2MP + 2MP,5MP,16.59,5000,Lithium
OPPO,OPPO A54,Moonlight Gold,17999,17800,4.3,4062,229,6,128,MediaTek Helio P35,13MP + 2MP + 2MP,16MP,16.54,5000,Lithium
SAMSUNG,SAMSUNG GALAXY S20 FE,Cloud Lavender,65999,50010,4,927,89,8,128,Exynos Octa Core,12MP + 12MP + 8MP,32MP,16.51,4500,Lithium Ion
SAMSUNG,SAMSUNG GALAXY A04,Green,15999,12999,3.8,13,2,4,128,Mediatek Helio P35,50MP + 2MP,5MP,16.51,5000,Lithium Ion
SAMSUNG,SAMSUNG GALAXY A33,Awesome Blue,33990,27699,4.2,827,91,8,128,Exynos 1280,48MP + 8MP + 5MP + 2MP,13MP,16.26,5000,Lithium Ion
APPLE,APPLE IPHONE 13,,99900,87999,4.7,190651,10468,,,A Bionic Chip,12MP + 12MP,12MP,15.49,,
ITEL,ITEL VISION3 TURBO,Multi Green,8999,7100,3,6,1,3,64,,8MP,,16.76,5000,
XIAOMI,MI 10T,Cosmic Black,42999,37999,4.1,3645,460,8,128,Qualcomm Snapdragon 865,64MP + 13MP + 5MP,20MP,16.94,5000,Lithium
REALME,REALME NARZO 30 5G,Racing Silver,17999,16999,4.3,84648,7375,6,128,MediaTek Dimensity 700 (MT6833),48MP + 2MP + 2MP,16MP,16.51,5000,
OPPO,OPPO A96,Sunset Blue,23999,17999,4.3,973,94,8,128,Qualcomm Snapdragon 680,50MP + 2MP,16MP,16.74,5000,Lithium Ion
REALME,REALME GT NEO 3,Nitro Blue,38999,36999,4.1,832,136,8,128,Mediatek Dimensity 8100,50MP + 8MP + 2MP,16MP,17.02,5000,Lithium Ion
XIAOMI,XIAOMI 12 PRO 5G,Opera Mauve,79990,47490,4.1,134,21,8,256,Snapdragon@ 8 Gen 1,50MP,,17.09,4600,
XIAOMI,XIAOMI 11T PRO 5G HYPERPHONE,Celestial Magic,35899,33500,4.1,496,56,8,128,,108MP,,16.94,5000,
XIAOMI,REDMI NOTE 10 PRO MAX,Glacial Blue,22999,20390,4.3,16833,1271,6,128,Qualcomm Snapdragon 732G,108MP,16MP,16.94,5020,
XIAOMI,POCO M2 PRO,Out of the Blue,17999,17999,4.4,350744,33202,6,64,Qualcomm Snapdragon 720G,48MP + 8MP + 5MP + 2MP,16MP,16.94,5000,Lithium
TECNO,TECNO SPARK 7,Spruce Green,8999,8490,4.2,1487,89,2,32,Helio A25,16MP,8MP,16.56,6000,
XIAOMI,POCO X2,Matrix Purple,17999,17999,4.5,271179,28996,6,64,Qualcomm Snapdragon 730G,64MP + 8MP + 2MP + 2MP,20MP + 2MP Dual,16.94,4500,Lithium
REALME,REALME GT NEO 2,NEO Blue,38999,35999,4.4,4430,628,,256,Qualcomm Snapdragon 870,64MP + 8MP + 2MP,16MP,16.81,5000,
REALME,REALME GT NEO 2,NEO Black,38999,35999,4.4,4430,628,,256,Qualcomm Snapdragon 870,64MP + 8MP + 2MP,16MP,16.81,5000,
REALME,REALME GT NEO 2,NEO Black,34999,31999,4.4,18194,2478,8,128,Qualcomm Snapdragon 870,64MP + 8MP + 2MP,16MP,16.81,5000,
REALME,REALME X50 PRO,Rust Red,17999,41999,4.4,8689,1232,8,128,,64MP + 12MP + 8MP + 2MP,32MP + 8MP Dual,16.36,4200,
XIAOMI,POCO M2 PRO,Two Shades of Black,17999,17999,4.4,350744,33202,6,64,Qualcomm Snapdragon 720G,48MP + 8MP + 5MP + 2MP,16MP,16.94,5000,Lithium